middle_third_to_lower,middle_lower_max_to_min,fifth_1_to_2,fifth_2_to_3,fifth_3_to_4,fifth_4_to_5,fifth_1_to_5,fifths_max_to_min,nose_center_offset_ratio,nose_vertical_position_ratio,mouth_center_offset_ratio,mouth_vertical_position_ratio,left_nose_to_left_inner_eye_offset_ratio,right_nose_to_right_inner_eye_offset_ratio,nose_width_to_inner_eye_gap_ratio,nose_width_to_face_width_ratio,mouth_width_to_face_width_ratio,both_eyes_width_to_face_width_ratio,left_eye_width_to_right_eye_width_ratio,left_eye_height_to_right_eye_height_ratio,left_eye_center_y_minus_right_eye_center_y_ratio,left_mouth_corner_y_minus_right_mouth_corner_y_ratio,label_balanced,label_middle_lower_vertical_imbalance,label_nose_misaligned,label_nose_too_high,label_nose_too_low,label_mouth_misaligned,label_mouth_too_high,label_mouth_too_low,label_nose_too_narrow_relative_to_inner_eye_gap,label_nose_too_wide_relative_to_inner_eye_gap,label_nose_appears_large,label_mouth_appears_wide,label_both_eyes_appear_large,label_both_eyes_appear_small,label_left_eye_appears_larger,label_right_eye_appears_larger,label_left_eye_too_high,label_right_eye_too_high,label_left_mouth_corner_too_high,label_right_mouth_corner_too_high,active_labels
1.1102703306823118,1.1102703306823118,0.9877756879504105,1.0717195839822766,1.0394736058118728,0.9188354695775299,1.0951244703273513,1.1902849254975882,0.015721286105539075,0.4628113632675546,0.009007718757911343,0.7195587169209965,0.023169124721215045,0.016096628002016614,1.091511332379374,0.2043877809355032,0.33817909774278215,0.3820960223120585,0.9389344158545846,1.0458683640789617,0.004739918368394335,0.011355860563756447,1,0,0,0,0,0,0,0,0,0,0,0,0,0,0,0,0,0,0,0,balanced
1.017995712988571,1.017995712988571,1.0941396048789807,1.0786242242644397,1.0556766994147524,0.9389277415703936,0.9933442007454069,1.0109509414468072,0.0030857898413509566,0.5183048953242455,0.014895243118156343,0.7894482731052773,0.0081456339534538,0.009261492650871722,0.9749534177210165,0.1904209247496357,0.33039372042683773,0.3718416404093714,0.9617673088671238,1.0237739592555515,-0.0022625309205960946,0.01463784062654485,1,0,0,0,0,0,0,0,0,0,0,0,0,0,0,0,0,0,0,0,balanced
1.0940583224404947,1.0940583224404947,0.9624733282764083,1.0664519602790403,1.0609528714993606,0.9774956758060349,0.9576656207860489,1.170623875993744,0.002795049672186196,0.4699908202475108,0.00014724539502011024,0.7573693711564056,0.016621271414800805,0.017629134465658378,1.0776405802372493,0.20524036765460868,0.3654992956762315,0.3281736097565955,0.9460342102950363,1.023576414650666,-0.0010405365788472287,0.0028703886851723093,1,0,0,0,0,0,0,0,0,0,0,0,0,0,0,0,0,0,0,0,balanced
1.1082997486315256,1.1082997486315256,1.0269436640001182,1.0107158801315992,1.0118414321490827,0.9607900196125225,0.9061635669135879,1.1091793473080906,0.004291693456390584,0.49085286437246367,0.017068061465363323,0.7102062793370717,0.0014575685422266505,0.007034597300549914,0.9168859400630055,0.21640540830997923,0.36456257218730226,0.4119067671838338,1.0230038956458343,0.98689416060161,0.011304733847977248,-0.014653191524061027,1,0,0,0,0,0,0,0,0,0,0,0,0,0,0,0,0,0,0,0,balanced
1.3731090152979923,1.3822738499831426,0.9952166414176439,1.0019478899231424,0.9981223906391891,1.0000499764749107,1.0019229866356236,1.0017861247041198,0.0013307702179455726,0.4996060580619623,0.0,0.7696811271563744,0.03162533113208394,0.03210577505515383,0.9947092015505824,0.1960110126895941,0.36159909690689374,0.37637808377855975,0.9984873497838425,1.0051969131911442,-0.0007125279421228519,0.0014750311369341731,0,1,0,0,0,0,0,0,0,0,0,0,0,0,0,0,0,0,0,0,middle_lower_vertical_imbalance
1.4115137458910443,1.3986531412323464,1.0017376945741834,1.000950942409329,0.9976234001772128,0.9942157685824462,1.0002885180308554,0.9978820291637448,0.00046535242270940794,0.5000874085820938,0.003203557782641831,0.769042577490108,0.03295300501475627,0.035358551269912636,1.000879986735887,0.20543675030096176,0.3633404449836583,0.38142748423659806,1.0058532115648782,0.9952449477827086,-0.0012795030654994956,-0.0018531518828110499,0,1,0,0,0,0,0,0,0,0,0,0,0,0,0,0,0,0,0,0,middle_lower_vertical_imbalance
1.3476277914292685,1.3373430689111003,1.0012540553898008,1.0033525062715776,1.0079869235667671,1.0116554498640293,1.001657637733104,0.9960418475198726,0.0,0.5010708458493753,0.0,0.7683385709592813,0.03377580640188039,0.03471841822716723,1.0042639209231505,0.2006281942697814,0.3593654606518452,0.37585738498869675,0.9933012682211826,0.9980547683637067,-0.00010756510163664099,0.003535859827159766,0,1,0,0,0,0,0,0,0,0,0,0,0,0,0,0,0,0,0,0,middle_lower_vertical_imbalance
1.4136682614361713,1.430273254739187,1.0085138789297408,0.9967144532831025,1.0033539568149454,0.9963882912876519,1.0037262920514969,1.0015398038644234,0.0,0.49983694989545824,0.0,0.7717842888059283,0.03409003303931844,0.032548788472465506,0.9948882497027215,0.2006903516708885,0.36631636502564174,0.38063996645429377,0.9995254466955604,1.0011433045584102,0.0026120034834136497,0.0004387650027277127,0,1,0,0,0,0,0,0,0,0,0,0,0,0,0,0,0,0,0,0,middle_lower_vertical_imbalance
1.5053469452670636,1.47171251636563,0.9945273632030174,1.006603711728925,1.0068946628831332,0.9992819231468696,0.9984672507154561,1.0058457771689688,0.0,0.4964210919241767,0.0012866535893780889,0.7684215795085617,0.03498975626655986,0.03467311420295098,1.0013502981951958,0.20562992744525488,0.36036233962760694,0.38257575517310743,0.9917993115958759,0.9998051263922795,-0.0016864605405857423,-0.0024376261208472563,0,1,0,0,0,0,0,0,0,0,0,0,0,0,0,0,0,0,0,0,middle_lower_vertical_imbalance
1.457966813865652,1.4877361605035582,0.9986893076225521,1.0040110313012185,1.0021524617480158,1.005349592429771,0.9993819772830004,0.9972162295533172,0.0,0.5009699871650849,0.0003531467169074221,0.7656624477110665,0.03518097956325575,0.035456456660277816,1.0100698961501358,0.20750737844512668,0.3565870265977647,0.3788504665538033,0.994146231992652,0.997637171944146,0.000631210007180681,0.0024117072417764672,0,1,0,0,0,0,0,0,0,0,0,0,0,0,0,0,0,0,0,0,middle_lower_vertical_imbalance
1.3483400485405888,1.3365275919139097,0.9964925568873296,0.9996229497829898,0.9929690864345735,0.9941318190184361,1.008516988448113,0.9948503096749038,0.0,0.5073476541132853,0.0058101343384808135,0.7653137334846987,0.034263502086423946,0.03568311110188102,1.0069147905776223,0.19605257168628706,0.35901888861623155,0.383109350304247,1.0017390642978665,0.9984953757150796,-0.0002676459290320823,-0.0027497916167399635,0,1,0,0,0,0,0,0,0,0,0,0,0,0,0,0,0,0,0,0,middle_lower_vertical_imbalance
1.455544154308074,1.458374398074138,1.000621717310674,1.0014070256335967,1.0002126213903115,1.0000003375723656,0.9971137678658286,1.0012659770466932,0.0,0.5083726732357223,0.003146709804950485,0.771543386210226,0.03347388558061047,0.03277517705603317,1.0047645718123555,0.20105099690058856,0.36192057361356644,0.37302165605210325,1.0037097539262327,1.0018176813528574,-0.002220861368828956,-0.000943049614899898,0,1,0,0,0,0,0,0,0,0,0,0,0,0,0,0,0,0,0,0,middle_lower_vertical_imbalance
0.9989920904871724,1.00061025004841,1.0058859678919727,0.9897333662362748,0.9990525989419613,1.0007060496854898,1.0011839759587484,0.9985123416747148,0.15092148843567238,0.5013119819348565,0.00345470042832837,0.7638645543803355,0.03672765602739638,0.034342949553754214,0.9997547026166846,0.19578840595718422,0.3586621753105765,0.38520017837879583,1.0023306209679508,1.0069292464216397,0.0023548237779553874,0.0008781733578591525,0,0,1,0,0,0,0,0,0,0,0,0,0,0,0,0,0,0,0,0,nose_misaligned
0.9988137161858611,1.0002661832634367,0.997210304706799,1.0039583357383794,0.9952867855075406,1.0031294013696705,0.9992373957699794,1.0046849883738693,0.10571842001773349,0.5072825846305872,0.0014615493822772896,0.763711838977387,0.0348660936542036,0.032655985614810375,0.9979268806305349,0.2060449137331069,0.36255013524359075,0.37720427828568504,0.9959451305342384,1.000131128371505,-0.002433120298762256,-0.0013422805547931623,0,0,1,0,0,0,0,0,0,0,0,0,0,0,0,0,0,0,0,0,nose_misaligned
1.0024350458888978,0.9908348419656076,1.0012174669161211,1.0002881342929304,1.0016555611414908,1.0064648387266049,0.991747046892781,0.9976355862992355,0.16738927491895247,0.4936736224021842,0.002951898096107018,0.7714734264508026,0.03669316797168681,0.03385811267695642,1.0032550547598649,0.20427388622395617,0.36093151208054863,0.3809376035707948,1.0010813729571268,0.9965466189410425,-0.0002950573604807059,-0.0003050450649047176,0,0,1,0,0,0,0,0,0,0,0,0,0,0,0,0,0,0,0,0,nose_misaligned
0.9994999638787216,1.005925822190636,0.9970256470847497,0.9967109999308387,1.0008092247673248,1.0033775407619412,1.0000457042222426,1.0053158423617479,0.17366495083649566,0.5033672802675603,0.0011082330026481867,0.7793106124013843,0.03458967662226792,0.030992955415866975,1.0064170174460685,0.1981692022761727,0.36043152177737214,0.3852382027394421,0.9935909618357643,0.9949934111435754,-0.0032025558742377076,-0.0015882725800508478,0,0,1,0,0,0,0,0,0,0,0,0,0,0,0,0,0,0,0,0,nose_misaligned
0.9943489364644306,0.9907595862534694,1.0002174143415616,0.9981128958654466,1.0018375430868665,1.002807814504885,1.0005529657282348,1.0030405323415035,0.09210533353338596,0.5021202588224059,0.0,0.7692815543446742,0.035393552193313915,0.03664105695083484,0.9984250353111017,0.20208466902292846,0.35893664483233845,0.37952983133068746,1.0033180761680962,0.9920277585157834,-0.002592944656149522,-0.0029643707948856417,0,0,1,0,0,0,0,0,0,0,0,0,0,0,0,0,0,0,0,0,nose_misaligned
0.9988604637344697,1.0007911603277675,1.0043568699868433,1.0053107445290708,0.9997234482610955,1.0054143435582776,1.0003685066337364,0.9966504071046901,0.17411696393618556,0.4940778539497399,0.0,0.7685679332477023,0.03660717003875721,0.03844153966233197,0.9944712739384919,0.2015713098730397,0.35583782424336985,0.3818987883538528,0.9994756533972491,0.9926763766966099,0.0018565939831369687,-0.0012100014256174621,0,0,1,0,0,0,0,0,0,0,0,0,0,0,0,0,0,0,0,0,nose_misaligned
1.0017115617627796,0.9992430226362544,1.00131464800913,1.0014476874157154,1.0052826466221128,0.9986288553965424,0.9940925687326171,1.004268889666288,0.09088969500035453,0.5044583697783095,0.0007667542263649408,0.7694754498791866,0.03569755178809259,0.0389020251202526,1.008307922116215,0.20027752454053113,0.3606407623732683,0.3843049606298655,0.9966173558689306,1.001332281490473,-5.172569590771281e-05,0.0006278164229151072,0,0,1,0,0,0,0,0,0,0,0,0,0,0,0,0,0,0,0,0,nose_misaligned
0.9955304635480415,0.9981652988602426,0.998827233653405,1.007748924649718,1.0044239734796292,0.9961516355346335,1.0013908338098039,0.9983716870545987,0.10770694465581712,0.5007413025976615,0.0012383422339507866,0.7686429660644639,0.03712770306546872,0.03271612354771519,1.000025356249449,0.21039069490638335,0.3608923189705011,0.3857328580264247,1.0003660807126928,1.002323108381319,-0.00011356638878538307,-0.00034081516232840886,0,0,1,0,0,0,0,0,0,0,0,0,0,0,0,0,0,0,0,0,nose_misaligned
1.0026623409452537,1.0043411480177837,1.001466125628949,0.9988550050657772,1.0018158623172349,0.9987653077778144,1.0037421885018607,0.9926743756631395,0.0,0.4062498288963749,0.0,0.7754554489192557,0.03679036996394337,0.033561039533430426,0.9939899861758364,0.1881418846486334,0.35782601796826946,0.38968166004898963,1.0017395370858546,0.997761710855802,0.0009301604190006125,-0.0031219167059888856,0,0,0,1,0,0,0,0,0,0,0,0,0,0,0,0,0,0,0,0,nose_too_high
1.0031632244867603,1.0013785809049442,1.002673304072432,0.997246510871077,1.0035912616336422,1.006515747790496,0.9961194019213944,0.9964492173771418,0.002671568672640466,0.37277074679318223,0.002807642784133114,0.7682298571524313,0.037910091152541424,0.03526297163361091,1.0010329152932909,0.20625887208667962,0.3585529180902233,0.37623551161630014,0.9982057431678866,1.0018093358025726,-0.0031315181443610286,0.001274941805302243,0,0,0,1,0,0,0,0,0,0,0,0,0,0,0,0,0,0,0,0,nose_too_high
0.9968537368995833,0.9932541273950636,0.9966950821345442,1.0009906636044357,0.999283093498201,0.9989864897242079,0.9993632605144798,1.0008135529624798,0.0,0.39626949379089477,0.0013253319407709678,0.7715401517506244,0.03611306688550253,0.03559283600161732,1.0081402932109242,0.19965162331578998,0.3587716671266617,0.3769858896785705,0.9958709493176886,0.9950221128495957,-0.001777594626461837,-0.00014136076330414262,0,0,0,1,0,0,0,0,0,0,0,0,0,0,0,0,0,0,0,0,nose_too_high
1.0036007382560799,1.0029576506892037,0.9993614067703119,0.9973883354213412,1.0021937116833193,1.0007518943499445,0.9942074909623398,0.9997280789760624,0.0005240716241487621,0.4129165456740122,0.000379686785674886,0.7641807100589688,0.03767237220002435,0.037495899970118866,0.9989899306627882,0.2014538173513563,0.35036031213680047,0.3753746093589387,0.9988248843193914,0.9957114679142925,0.0014287929652613176,0.003994593061495988,0,0,0,1,0,0,0,0,0,0,0,0,0,0,0,0,0,0,0,0,nose_too_high
1.0064444645939985,0.9951105027498404,1.0009961444892277,1.0072851954032525,0.9933929634072829,0.9948757231726166,0.9983055735741566,0.9979176463485784,0.0016252025755072892,0.4127164100906003,0.0,0.7720616416116033,0.033844922225288704,0.037548894433882485,0.9974896498542524,0.19745353886759107,0.3621645264432181,0.38305170592934773,1.0017923974557448,0.9932576107304608,0.0010760688798565022,-0.002068616103348798,0,0,0,1,0,0,0,0,0,0,0,0,0,0,0,0,0,0,0,0,nose_too_high
0.9967736043827705,0.9948694613989579,1.0028552805459297,1.000966578086707,0.9975440927944285,1.0058047153960843,0.998237390313721,1.0001284306958838,0.0005378268953572018,0.42575394981641784,0.0009422725867998587,0.7678661906113411,0.03417672335556758,0.03772528527960668,0.9958376557899503,0.19034887867628206,0.3664437479800476,0.390197311810428,0.9983789229382026,0.9922526478375192,-0.0006209679523918875,-0.0005724458996813384,0,0,0,1,0,0,0,0,0,0,0,0,0,0,0,0,0,0,0,0,nose_too_high
1.0020980295011443,0.9940223775207228,1.0027967869267795,1.0082107399277835,1.0006878413297482,0.998650699351726,0.9994319871423699,1.0024610270678742,0.0,0.40450689654419775,0.0,0.7773913000518242,0.03465165453239009,0.03833577522223904,0.9955850372088719,0.20234903666721119,0.3612776010551649,0.3765238110085409,1.0007095844585479,1.0048500753473264,-0.0006475834085732014,-0.0033839252983395266,0,0,0,1,0,0,0,0,0,0,0,0,0,0,0,0,0,0,0,0,nose_too_high
0.9996736489212595,0.993177391135938,0.9935373666427173,1.0019282673421022,0.9979091252153213,0.9897410226327177,1.0031393761464324,1.001089479021097,0.0,0.41197761529915505,0.0016716157926286743,0.7713974024902417,0.039765204565368154,0.035840377197449876,1.001550812565048,0.19933228827956576,0.36326710346880314,0.3825003408049926,1.0050069000342607,0.9979147083254508,-0.0008708149458879247,-0.0009582063418239603,0,0,0,1,0,0,0,0,0,0,0,0,0,0,0,0,0,0,0,0,nose_too_high
0.9983009050888276,1.0012563088954791,0.9990169539999484,1.0038082146125595,0.9909928908375238,0.9966931798123324,0.9968703346641542,0.9907185759504554,0.0,0.7144483613771544,0.0,0.7744518635666411,0.034509878697618596,0.032938372559457696,0.9997721818351459,0.2041966944857654,0.35609616473554034,0.3763577004643142,1.0022341958370968,0.9991138555370768,0.0012949693814189487,-2.7293583590593522e-05,0,0,0,0,1,0,0,0,0,0,0,0,0,0,0,0,0,0,0,0,nose_too_low
0.9991572399425473,0.9951364363035835,0.9937460882085253,1.0027429961410987,0.9985961904711281,0.9959108788734107,0.9996152842523067,1.0045120754293972,0.0,0.5972056735291076,0.0,0.7758447154668814,0.035565173965838595,0.03653463448092246,0.9954393563234951,0.1955218564989179,0.36179125486689084,0.3802330973237418,1.0021949552754565,0.9992493160362862,0.000556287452909254,0.00031623816981021834,0,0,0,0,1,0,0,0,0,0,0,0,0,0,0,0,0,0,0,0,nose_too_low
0.9910109257786366,1.004006981590606,1.0047509003730477,0.9959175079219467,0.9925606583738175,1.0003961392840288,1.0037233529054022,1.0071903780897373,0.001032595144202902,0.663128785299302,0.0,0.7700458051666826,0.03440147059222949,0.03296986418854237,1.008195022603453,0.20714067360828853,0.3645441947342217,0.37631659840876347,1.003420077297189,1.0025585056379915,0.000885091248408106,0.0024993305340875543,0,0,0,0,1,0,0,0,0,0,0,0,0,0,0,0,0,0,0,0,nose_too_low
1.0013631656320083,0.9928655554811433,1.0003344843096422,0.9977752321646035,0.9948806361694399,1.0067272664772033,1.0069159813635429,1.0054368824011823,0.0005104268337117493,0.6618180383076497,2.4106361203651085e-05,0.7708111891075912,0.03281305725907604,0.03579398260899768,1.0002415437136978,0.19478939153266214,0.3597952115527336,0.37968108174457277,1.0071902446665786,1.0035768533140537,2.289087818293203e-05,0.000497574619602166,0,0,0,0,1,0,0,0,0,0,0,0,0,0,0,0,0,0,0,0,nose_too_low
0.9993957924895723,0.99701560697339,0.9949987378443074,1.0020448872581902,1.0015650586397329,0.9928531699545277,0.9995092614500195,1.0039828055435998,0.0021184474777926417,0.6687064013879921,7.78264138029196e-05,0.7666198186881235,0.03283260234528388,0.035689209809500716,1.0015171201374606,0.20514932444642028,0.36439991860136833,0.3794710853738753,0.9950231764845565,0.9987235736119564,0.00043446238962104933,-0.0004041664907788082,0,0,0,0,1,0,0,0,0,0,0,0,0,0,0,0,0,0,0,0,nose_too_low
0.9974877356650985,1.0012458113372138,0.9983920296794832,1.0009764175559135,1.0010928160914085,0.9954422839956337,0.9980750355045384,1.005751107759666,0.0,0.6684533052454328,0.0,0.7701164397863067,0.0350618345560654,0.03476477828914976,1.004856759315714,0.18930866226758825,0.36158373549772327,0.3862457528072143,0.9954888769404332,0.9984807739528404,-0.001505783834457242,-0.0017886920921550576,0,0,0,0,1,0,0,0,0,0,0,0,0,0,0,0,0,0,0,0,nose_too_low
0.9986562430998394,1.0076202408562578,1.0001423059079384,1.0070147641068043,0.999626805401386,1.0005242313041847,1.0014618978905714,1.0127154147174702,0.0017025711496895782,0.7036522261057456,0.001937995740551716,0.7685526698516627,0.034020499634197586,0.036817202719784226,1.0001243423510846,0.20111430365804722,0.3600559408874612,0.38134633250642175,1.0016998635897445,0.9922521322691783,0.0013331453372190671,-0.0019640388396606014,0,0,0,0,1,0,0,0,0,0,0,0,0,0,0,0,0,0,0,0,nose_too_low
0.9972259753417109,1.003324127430672,0.9946312993345163,0.9983722250049097,0.997660503460268,0.9998136509186426,1.001115457138589,0.9959684282015058,0.0014485653549124564,0.6423991067928249,0.0,0.7621656342384119,0.034975361414141384,0.03455806536442729,0.9995863195457014,0.19988807017387913,0.3609022393580407,0.3837905984393932,0.9955555803963297,0.9953121136283968,-0.002186647715774765,0.0005778333343374138,0,0,0,0,1,0,0,0,0,0,0,0,0,0,0,0,0,0,0,0,nose_too_low
0.9931840285495585,0.996667853108816,0.9977690844500191,0.9983664454909811,1.0001543244919238,0.9987530146767102,1.0041973584421737,0.9972959307772745,0.0,0.5019155021540819,0.1285022202926077,0.77155876682128,0.03520510636745254,0.03470511502016367,1.0063531044285972,0.19751117021882114,0.3682411926820963,0.3790982742030876,0.9948919342201191,1.0002796783239793,-0.002152490400637536,-0.0015035116956270006,0,0,0,0,0,1,0,0,0,0,0,0,0,0,0,0,0,0,0,0,mouth_misaligned
1.0039496205801857,1.0046300310320846,1.0057452070262531,1.0021176536285028,1.005453714848343,0.9924768062881038,0.9987283738054862,0.9965319789747062,0.00023845172225478418,0.4977142031232131,0.11722612043259469,0.7775286995208163,0.034660560407159244,0.03582758463438043,0.9990709226803031,0.20030285315182736,0.36002406672174425,0.38179329626389263,1.0046612301421887,1.0065895759904133,0.0006192401638183337,0.0011790937720712043,0,0,0,0,0,1,0,0,0,0,0,0,0,0,0,0,0,0,0,0,mouth_misaligned
1.0034638745536686,1.0008464389311802,1.0035455758382719,1.0019630668359754,1.0048012250330374,1.0011574366278284,0.9985772067377159,1.0013433650277321,0.0,0.5015315429455401,0.13033054359647336,0.7631061463703783,0.03590353720188197,0.035955058674533594,0.9953502848794403,0.19715159183248426,0.36548216395445654,0.3780638794737093,1.008971681249612,0.9999923205872946,0.0008160723537625336,0.0032337487969972155,0,0,0,0,0,1,0,0,0,0,0,0,0,0,0,0,0,0,0,0,mouth_misaligned
0.9998575570552396,0.9945410333911937,0.9989766717146367,0.9970312316240103,1.0036974310287496,1.000138447496741,0.9988688170034097,0.9995752722775096,0.00044624403681233225,0.5024672567987591,0.17689548886034656,0.7658336494695149,0.03720935843080506,0.03417532625559054,0.9943326316296125,0.20177525083753242,0.36185347922413075,0.3738771389709732,1.0009179268618544,1.0029423323697135,0.0007487729034125261,0.0012639629675227906,0,0,0,0,0,1,0,0,0,0,0,0,0,0,0,0,0,0,0,0,mouth_misaligned
0.9980688393651014,1.003482222437679,1.005917098042697,1.0071774802184015,1.0052592314860236,0.9995610632734793,1.0014108806521054,1.003067291487137,0.00024235589859892393,0.5005230567516462,0.1567753273080102,0.7697628694158963,0.03354142612725268,0.034171053868328284,1.002535641510935,0.20001197316479982,0.36136083990747336,0.3826803169688088,0.9985006341484096,1.0030249926545192,0.0007576852069167888,-0.0024696261738229573,0,0,0,0,0,1,0,0,0,0,0,0,0,0,0,0,0,0,0,0,mouth_misaligned
0.9958198251616548,0.9959158193572867,1.0002086932746301,0.9989045979778151,0.9986526721294376,1.00247880786193,1.0013595014447707,1.001264191482577,0.0008196569146573853,0.5024645386720089,0.13644807490703253,0.7685422469909422,0.030639579871021054,0.035072119853595596,0.9999814681111027,0.20418212909915873,0.3647505375708845,0.38081110019300946,0.9979985556904124,1.001940644450183,-0.001055835274648627,-2.785302886697798e-06,0,0,0,0,0,1,0,0,0,0,0,0,0,0,0,0,0,0,0,0,mouth_misaligned
1.0027096054747693,0.9961808327314767,1.0038955765128696,1.002794265381486,1.0004077035494907,0.9969507061678894,0.9965631759256978,0.9978493496923879,0.00108518892658392,0.4961774993303944,0.17747928919212277,0.7650329778844864,0.034591862831122304,0.03521929550914802,1.0097805205802357,0.19449073737791855,0.36588805826596055,0.38059936965594915,1.001644687672064,1.0004733916535529,0.000889453636390466,-0.00030737020872403546,0,0,0,0,0,1,0,0,0,0,0,0,0,0,0,0,0,0,0,0,mouth_misaligned
0.997422531519148,0.9997589926143948,0.9957121497908391,1.00182009488139,1.0057805038277061,0.9996905752807166,0.9992124572051844,0.9955415321477283,0.0,0.4936288229611139,0.17633504421670812,0.7709071441844365,0.0376380263954828,0.04061842172245901,0.9976536596597164,0.20574120062658177,0.3609750099216066,0.3793950094130145,1.0017303778069047,1.00024766593472,0.00022079145122443707,-0.0008166663256533385,0,0,0,0,0,1,0,0,0,0,0,0,0,0,0,0,0,0,0,0,mouth_misaligned
0.9988931996396572,0.9976156444013753,1.0000340225068927,1.0031797290116624,1.0007214557721056,0.9973757802534361,1.0049051718225959,1.0063167420119266,0.0009891133106457067,0.5038946540453764,0.0024839199936276223,0.6248830250460284,0.03622819835422525,0.036196694094149766,1.002078642293386,0.19561064930181182,0.3628028926274383,0.3745767441154938,0.9968216021794998,1.0052142602712324,0.001680440325388395,0.002974796579371725,0,0,0,0,0,0,1,0,0,0,0,0,0,0,0,0,0,0,0,0,mouth_too_high
1.0004081251889623,1.00031595486536,1.004534721915027,0.9985549182999862,1.0014081378872117,0.9960454914022616,1.0018012691121752,1.0000124342007426,0.0,0.4990566825513006,0.0,0.6125376340760336,0.03854268248453537,0.03480310799538425,0.9990244155592907,0.19161019616955943,0.35642317059208206,0.3789477063021746,0.9972565892952935,1.0055268303735112,-0.00032987555079243725,0.0025768884986365048,0,0,0,0,0,0,1,0,0,0,0,0,0,0,0,0,0,0,0,0,mouth_too_high
1.0000151850064858,1.0068751800121993,0.9907215570929951,0.9919938170222453,0.9978273166757755,1.0000581115277503,1.002760417699056,1.0018923487921099,0.0,0.5040761747729671,0.002060390806305462,0.6172014347116656,0.036925315144973686,0.03554529052686426,0.9977540678928685,0.20279126735600003,0.3604424524903147,0.38000535938701796,1.0058918142887583,0.9901965114858396,-0.0028353683403191396,-0.0023741408527487404,0,0,0,0,0,0,1,0,0,0,0,0,0,0,0,0,0,0,0,0,mouth_too_high
0.9960593678707567,0.9965566332859057,1.0098296963683036,1.0072069677909885,0.9983530023292614,0.9985456668387728,0.9954031840112468,0.9923674783470989,0.0,0.4960085920670239,0.0,0.6290021979663197,0.03347605108337949,0.03529725419060566,1.0014648383911358,0.20166988783496806,0.3547180440633718,0.38341874292054223,0.9967991532135926,1.0025314316584293,-2.1277353236386294e-05,-0.002752774998155896,0,0,0,0,0,0,1,0,0,0,0,0,0,0,0,0,0,0,0,0,mouth_too_high
0.9994360484102224,1.0061271155624043,1.0040300430839462,0.998973383534401,1.0030004872485478,1.0077351739407527,1.007841938403132,0.99508800047671,0.0,0.5059396751469354,0.0,0.5955482249079256,0.03402761173860191,0.035840453418949175,0.9995904131735556,0.19739774551837763,0.35730315015310193,0.3771506517423492,0.9964819614853643,1.0091265315091043,0.0005950221423711099,0.0017735181088094772,0,0,0,0,0,0,1,0,0,0,0,0,0,0,0,0,0,0,0,0,mouth_too_high
0.9893931666603232,0.9944879628926085,0.9927575252800784,0.9910008648881936,0.9952185641028076,1.0052998227175265,0.9998222553291826,1.0051622550492847,0.0008219651538017507,0.5031302353028606,0.0,0.6472920656409157,0.036457428468148693,0.03384670541553262,1.0022381614824647,0.20226475103429933,0.35780178951547964,0.37550892627091603,0.9952634866724069,1.0003460221676859,0.0006540197375786296,-0.0015850516609158289,0,0,0,0,0,0,1,0,0,0,0,0,0,0,0,0,0,0,0,0,mouth_too_high
1.00620752048049,1.005107923328792,0.9959948342689738,1.006734344838152,0.9978760939817771,1.0041794912498176,1.0002719465042043,0.9983514024861722,0.0,0.4993137419591346,0.0,0.6372784526766828,0.0380335853142785,0.03340617802140662,1.001207882970077,0.1970984339119681,0.35748606107945285,0.3830979788154615,0.9998458469526263,1.006958592167724,-0.000964464957405842,0.001998672664948978,0,0,0,0,0,0,1,0,0,0,0,0,0,0,0,0,0,0,0,0,mouth_too_high
0.9998017646497936,0.9995380044828043,0.9966557715406168,1.002648326138327,1.0026009960223135,1.0023742187796223,1.0061478626156706,1.0057973792049453,0.0,0.5014922092737367,0.0,0.636841878448198,0.033800501101762276,0.038240140618272106,1.001454792601372,0.1991278834875823,0.3647744742874255,0.3713175383608184,0.9919435896205389,1.003183354620879,0.00012093689623473612,0.0005008926005215213,0,0,0,0,0,0,1,0,0,0,0,0,0,0,0,0,0,0,0,0,mouth_too_high
1.0032967984791834,1.0006788261805712,0.9982437843595803,0.9984217085925224,0.9914832084431999,1.0010305616836845,1.0033819324339275,0.9936975226913175,0.0,0.49537014147106634,0.0,0.9901555624133641,0.030831195690023055,0.03622854087671413,1.0030154202797348,0.19899558964785236,0.35007716596006183,0.37601432549599045,1.0049316077364108,0.9888880228770857,-0.0006950468243870385,-0.002360001556934518,0,0,0,0,0,0,0,1,0,0,0,0,0,0,0,0,0,0,0,0,mouth_too_low
1.0022618416766764,1.0073449033589201,0.9991882322252985,1.0015041774784905,0.9940597780834902,1.004761654253175,0.9969579646077146,0.997756983343649,0.0,0.4937484626186406,0.00045754005785787603,1.0065247907659043,0.03558586764699458,0.031822204871642557,0.9995047628226814,0.20296811561191797,0.35248804493613634,0.37570093594472914,1.003506174416326,1.001080381736789,0.0008239431642535077,0.003718989615246623,0,0,0,0,0,0,0,1,0,0,0,0,0,0,0,0,0,0,0,0,mouth_too_low
0.999144781767638,0.996808468945526,1.0017111855929886,1.0017559641175555,0.9978931384322152,0.9958704119217806,1.0092393776883604,1.001307373881552,0.0,0.5036637212091184,0.0,1.0098677282496187,0.03612454574382899,0.03241623546353662,1.0014105088156686,0.20765181923092701,0.3618647106487892,0.37849515158486613,0.997971578878287,0.9983586401066196,-0.0005079253560955621,-0.0007556130655165439,0,0,0,0,0,0,0,1,0,0,0,0,0,0,0,0,0,0,0,0,mouth_too_low
0.9984812538994298,1.0015077911427814,0.9954920483591966,1.0053145242673978,1.0049825398406875,1.0038383621030003,0.9939409808968258,1.0033164842842641,0.0008097101752714178,0.4935789150114697,0.0,0.9146347504358711,0.036112150547646306,0.03535452273389771,1.0011649256673896,0.2058944455690124,0.3649041356396427,0.36853178018486904,0.9987302457806493,0.9993413958898242,-0.0035041971454539424,0.00018836611646462435,0,0,0,0,0,0,0,1,0,0,0,0,0,0,0,0,0,0,0,0,mouth_too_low
0.9963367060908143,0.9973123519052813,1.0059095745366802,0.9978297687195526,1.0018488499560425,0.9925151275357561,1.0074492702455795,1.002410609785226,0.0,0.5023021860399995,0.0,1.0055994691143317,0.03435203044900714,0.03459186096990313,0.9980333775401381,0.19767739438901769,0.3627786824465136,0.3810236274004169,1.0026069925656123,0.9999648212420578,0.0010263996221543622,-0.0008376974878500767,0,0,0,0,0,0,0,1,0,0,0,0,0,0,0,0,0,0,0,0,mouth_too_low
1.0054716298028838,0.9965913647761376,1.0089170944422239,1.0039819611317813,1.0038845560272915,1.0001120887481034,0.9991310953671253,0.9991623646918416,0.0007810611926390344,0.5056047451001355,0.0003626284357228392,0.980782097451889,0.03664885412476996,0.03684230149278959,1.0026186381137911,0.20298199562609995,0.35891628747936877,0.3762840433314777,0.9965272262774368,0.9934581470061685,0.00047389722309189953,-0.00016689756645318725,0,0,0,0,0,0,0,1,0,0,0,0,0,0,0,0,0,0,0,0,mouth_too_low
1.0044833626056127,0.9973414959997475,1.0014423667106274,0.994437258280099,1.005754821929437,0.9994238893597813,1.0011601615859342,1.0093031191675268,0.0030328802011788075,0.49877373751485177,0.0,0.9452449968363084,0.036019796496953076,0.03478955173149826,0.9984190234199861,0.20586872500283618,0.35954316043288864,0.3891983563721493,1.0003629702550088,1.007141273576899,0.0007146388454212536,0.0019259211464988956,0,0,0,0,0,0,0,1,0,0,0,0,0,0,0,0,0,0,0,0,mouth_too_low
1.0039542129698613,1.0001610260080018,0.9948544266596652,0.9945589665348427,0.994291454391255,0.9929295115482425,1.0004379414377884,1.0045001756868321,0.0,0.4909583409706486,0.0,0.9538092023489675,0.03919199750045088,0.03208572417416089,0.9984372895896032,0.20682341072217827,0.3617999133653862,0.3822532522940657,1.0004583377480956,1.0013197741546291,0.001555219060557072,-0.0016189726377855327,0,0,0,0,0,0,0,1,0,0,0,0,0,0,0,0,0,0,0,0,mouth_too_low
1.0007149638531454,0.9975348276472316,0.9999092588986974,0.9975098393893378,0.995713194692553,0.9985855410335455,0.9955840454585133,1.001291189856373,0.0,0.5028479080919642,0.0,0.767734820337676,0.03375079318356965,0.03765029345774968,0.6814638357402366,0.07876783746029756,0.36199487776427886,0.37157123061068126,0.9998274656414363,1.007990056711219,0.00026469301280534514,0.00013582633833867101,0,0,0,0,0,0,0,0,1,0,0,0,0,0,0,0,0,0,0,0,nose_too_narrow_relative_to_inner_eye_gap
0.99714049375241,1.0052481010488796,0.998739302440459,0.9922618770571475,0.994927944332624,0.9890012959214777,0.9990634978508683,0.9992464634909425,0.0,0.5043155161561189,0.0023970396730333874,0.7693184463065755,0.030730612665046293,0.03623456316098452,0.6260089532248544,0.15044227453669348,0.3639259189972324,0.37534068761415584,1.0080350215447405,0.9961622889874325,0.0014984458544017093,-0.0033746953888267035,0,0,0,0,0,0,0,0,1,0,0,0,0,0,0,0,0,0,0,0,nose_too_narrow_relative_to_inner_eye_gap
0.9995801673759993,1.0054554012997308,0.9990533647013924,0.9928770475697462,0.9967870396321932,1.0022047669148069,1.00158203642545,0.9937317669990583,0.0,0.497673114603191,0.0,0.7644963456455938,0.03374325778376105,0.03354277902948095,0.5896706746463847,0.10814457945425592,0.35941675816764473,0.3784318408165171,1.0005596972481565,0.9967336995701777,-0.002293664164334882,-0.001880442417851434,0,0,0,0,0,0,0,0,1,0,0,0,0,0,0,0,0,0,0,0,nose_too_narrow_relative_to_inner_eye_gap
1.000100514844864,0.9991202568189347,1.0013660347421471,0.9999482449275856,0.9941856028802735,0.9949504428045713,1.00011769430234,1.004115123678982,0.0,0.5013829063192063,0.0023792440105752863,0.7693878964951751,0.03610040499205289,0.0335938618382044,0.64515335315235,0.15068224243452782,0.3506226267663245,0.3837710632049011,0.9960600202891022,0.9981778886199862,-0.0027728845065403867,-0.002819939406167752,0,0,0,0,0,0,0,0,1,0,0,0,0,0,0,0,0,0,0,0,nose_too_narrow_relative_to_inner_eye_gap
1.0009544031637139,1.0063110728197275,0.9957296249238204,0.9997802605351883,1.0045307592820782,1.0050581592373522,0.9943129454026217,0.9987505782333765,0.002716242191734521,0.5020323164207963,0.0003905260629595455,0.7691292612262614,0.03423239814858451,0.03557643812618065,0.7097623247631678,0.132979093733788,0.36031439482446015,0.377287713886026,1.0021285174955257,1.0116569785936618,-0.00355397327865215,0.0006480250483799598,0,0,0,0,0,0,0,0,1,0,0,0,0,0,0,0,0,0,0,0,nose_too_narrow_relative_to_inner_eye_gap
1.0007696844710727,1.0045282091536567,0.9906228084248453,1.0063618091916642,1.0015002486075693,1.0043113734229807,0.9951204970206339,0.9966769204735787,0.00029187658828954826,0.49993184844265015,0.0005661371760199792,0.7743380606437199,0.03146955936939431,0.03694763814343462,0.6433018133276073,0.09526954102342791,0.3541155390624604,0.38201219467350744,0.9903435685958758,1.002593576044955,-0.0029842116709459837,0.00010691582523494807,0,0,0,0,0,0,0,0,1,0,0,0,0,0,0,0,0,0,0,0,nose_too_narrow_relative_to_inner_eye_gap
1.0050915310750186,1.0021451878767236,0.9984574800739073,0.999054214320142,0.9937312916376582,1.0015538968034061,0.9929607371692182,1.0030071858633418,0.00025724318498253167,0.5095478071982957,0.0,0.7695893516358375,0.03859657540184613,0.03738277928058283,0.6379889504431822,0.1167236532919344,0.3600079974256603,0.38112782346957663,0.9972052782560606,0.999642718389197,-0.0031961047505534275,0.0002702469037361641,0,0,0,0,0,0,0,0,1,0,0,0,0,0,0,0,0,0,0,0,nose_too_narrow_relative_to_inner_eye_gap
0.9970959396091961,0.9988775982126478,0.9939973223888726,0.9958983594888884,0.9978487546145715,1.0049136832491206,0.9974419864364501,1.002560854637315,0.0,0.5009917902434075,0.0,0.773492226400371,0.03393037732356289,0.03185494349999512,0.6419707375064673,0.08643085238754769,0.3550037601172878,0.3816408480627182,0.9981369273405677,1.0094984262001057,-0.003475429190274264,0.0004072663574196024,0,0,0,0,0,0,0,0,1,0,0,0,0,0,0,0,0,0,0,0,nose_too_narrow_relative_to_inner_eye_gap
1.0076116298490967,0.9981862468065257,1.001039231427222,1.0040996867725016,0.999344185999892,0.997676159245874,0.990897054385113,1.00256396287758,0.0,0.4959492645944473,0.00025319342055538715,0.7676652785727753,0.03394314773776895,0.03621258231221742,1.5526906478402092,0.29910989667742294,0.3544092553475264,0.37734919436657893,1.0076917847762663,1.0045094190465698,0.0001952079849908804,-0.0018810604310024331,0,0,0,0,0,0,0,0,0,1,0,0,0,0,0,0,0,0,0,0,nose_too_wide_relative_to_inner_eye_gap
0.9991424995611795,0.99423208505744,0.9979339570313567,1.0036584962159474,0.9945266628097955,0.9992417779538428,0.9967209842849166,1.0004454017175926,0.0,0.5059095746598987,0.0010131663083805076,0.7647527873368912,0.0363424560232274,0.03345069628747588,1.4822192121240747,0.3337636255108361,0.3580330103210794,0.3835714232652918,0.9969019597539465,0.9975242137896345,-0.0013127417870962177,-0.0011312774967100778,0,0,0,0,0,0,0,0,0,1,0,0,0,0,0,0,0,0,0,0,nose_too_wide_relative_to_inner_eye_gap
1.0002816765093092,0.9952951987334263,0.996889576289007,0.9974796699589773,0.9957713805034469,0.9957924509084063,0.9994228624859189,0.9951331263264543,0.0016842539182752656,0.4963289858503299,0.0056191379401927845,0.7681944621961424,0.035144035283834106,0.032409317631067934,1.4975543358557701,0.3340512157130038,0.36118766348294445,0.3746127898048817,1.0008426675108986,0.995514275815931,0.0029247105269467216,0.0016183894637063455,0,0,0,0,0,0,0,0,0,1,0,0,0,0,0,0,0,0,0,0,nose_too_wide_relative_to_inner_eye_gap
1.0044366792459685,0.9936319479910342,1.0012062092272516,1.0040620608659316,0.993366657737671,0.999968381938507,1.0010953695932339,0.9987969416606131,0.0,0.4986972075597051,0.0,0.769407710381809,0.033873057149149864,0.03411397569351707,1.576239065912962,0.3002987808284999,0.35878229294857333,0.378361404286528,1.0003694161530179,0.9923163362964192,0.0009540702544529162,-1.1261942459176165e-06,0,0,0,0,0,0,0,0,0,1,0,0,0,0,0,0,0,0,0,0,nose_too_wide_relative_to_inner_eye_gap
0.9999715325794859,1.0006807077727677,0.9981514916993102,1.0026574146969598,1.0037305553719644,1.001935929175806,0.9989566861663817,0.9915692424495424,0.0015384724160742564,0.5048869146648703,0.0012891168239679601,0.76648143029053,0.036347588787335516,0.036721059415922894,1.504930527783219,0.30484002584638004,0.35909418166182344,0.38298908820457384,1.0002296402857527,0.9955306895917949,0.000829232570053406,0.0011573232676303333,0,0,0,0,0,0,0,0,0,1,0,0,0,0,0,0,0,0,0,0,nose_too_wide_relative_to_inner_eye_gap
0.9976507169489449,1.00004394205411,1.0035158161108035,0.9940105073196218,0.9947588130009383,0.9918490859690612,1.0001307809010131,0.9955267767311738,0.0,0.5026455127595668,0.0,0.7709251280909735,0.03440132418449656,0.036344228630192876,1.557158083213067,0.3238026914318031,0.35932539298639815,0.384174973590882,1.0015735074810164,0.9944121517689954,0.0013112361223427654,-0.0021692212448724763,0,0,0,0,0,0,0,0,0,1,0,0,0,0,0,0,0,0,0,0,nose_too_wide_relative_to_inner_eye_gap
1.0027140958056,0.9985168873221517,1.0009422794825595,1.0034877374660778,0.9977527738258977,0.9975352290400372,0.9952225380771021,0.9957421090154953,0.0,0.5029193151560621,0.0036178290841655416,0.7757013157738812,0.03174783102274697,0.0364497093431124,1.3515646737902272,0.27094795679919237,0.3604057897226002,0.3719684277967813,1.0010669446719065,0.9957457610822611,0.0003992700358230291,-0.003122405844377761,0,0,0,0,0,0,0,0,0,1,0,0,0,0,0,0,0,0,0,0,nose_too_wide_relative_to_inner_eye_gap
0.9989343458636993,0.9976736242628735,0.9937959223506078,1.0018120750252486,0.9982001184725414,0.995697056165419,0.9977817103774382,1.0042852181557185,0.0012058738875104444,0.49947989575400603,0.0012382100369297052,0.7653563521744531,0.035064740201454066,0.03529464466097294,1.4856981221575696,0.24029359258984603,0.35687826618142215,0.3820392828311045,1.0022074350861252,0.9883313604772117,0.0023806114070202356,-0.006095265130705508,0,0,0,0,0,0,0,0,0,1,0,0,0,0,0,0,0,0,0,0,nose_too_wide_relative_to_inner_eye_gap
1.0041076229852826,0.9923139818778054,1.0045159644038482,0.9997795916038309,0.9952304186782303,0.9976675397107893,0.9959311026355935,1.0034649008034342,0.0014648556195256766,0.4931233554644958,0.0,0.7665472573506229,0.03758701993691874,0.03229980176374716,1.1240439148110846,0.2773678431073995,0.35535226237447964,0.3772909032639629,0.9967935246369262,0.994901526391938,0.00018965371946075133,-0.0024558311013836865,0,0,0,0,0,0,0,0,0,0,1,0,0,0,0,0,0,0,0,0,nose_appears_large
0.9965151357118968,1.0080038524063606,1.0002256462686783,1.0009814840359814,0.9928944068146308,0.9973841474654523,1.000861210519766,0.9959018843483479,0.001816125687035971,0.4951892136563959,0.0,0.7676557934400978,0.035328641318763836,0.033719019856289154,1.1063033747553175,0.32493825188917524,0.35706244897043476,0.38194037547398846,1.0009535534993497,0.9996455442189873,-0.0008609166669239162,0.0015930880610399941,0,0,0,0,0,0,0,0,0,0,1,0,0,0,0,0,0,0,0,0,nose_appears_large
1.0030794275722215,0.9924273153550476,1.0008690926329145,1.0063003313104348,1.0019546740978693,1.000682500314159,0.9977582021247877,1.0001241888019543,0.0,0.4968560935682746,0.0,0.7707935246425057,0.03346556586293872,0.03338743635863063,1.306212796603948,0.34727039641296725,0.3621812930478682,0.3809266417769461,1.0038606819709146,1.000351470548323,0.0007840218747315134,0.0006076748512751257,0,0,0,0,0,0,0,0,0,0,1,0,0,0,0,0,0,0,0,0,nose_appears_large
1.0017360392938004,1.00100741766118,0.9943808338095587,1.004490713018255,0.9996232216985966,0.9955562756191371,1.0047551364574154,1.0025027022863846,0.0,0.5071087313610309,0.0013175947367323854,0.7699592155374998,0.03818043761124356,0.03531859556765928,1.178978632618457,0.2746248730567391,0.36232740175722833,0.3819064118692959,1.0000587205595588,0.9968400545845296,0.00025985970833214774,-0.00013959757152427578,0,0,0,0,0,0,0,0,0,0,1,0,0,0,0,0,0,0,0,0,nose_appears_large
0.9980876677689847,1.0052329864275196,0.9980261271633845,1.0026379368570075,0.9984123446350488,1.0004549926139445,1.0029473461236802,0.9981497771347017,0.001993109768996808,0.49602520849157405,0.0005891856851167582,0.7736905588911515,0.036320074983580676,0.03883288975347082,1.1764399107780148,0.291907563771607,0.35602265956601953,0.3826417702661937,1.0019916917370775,1.0004090266385897,-0.00224591409821426,0.0015337345866581215,0,0,0,0,0,0,0,0,0,0,1,0,0,0,0,0,0,0,0,0,nose_appears_large
0.9980285609244177,0.9927591467156527,0.9975891225478791,0.995628419035605,0.9942119816943399,1.0068894397679826,1.001091450072103,1.0015187503224559,0.0,0.49930851567022627,0.0019291013644786668,0.7698706515252192,0.03606138787604947,0.03460799140430997,1.1206411318022538,0.30935148715751526,0.3520890037505315,0.3789537523957344,1.000225986767973,0.9948554798531648,-6.894973006926576e-05,0.00010750512598100405,0,0,0,0,0,0,0,0,0,0,1,0,0,0,0,0,0,0,0,0,nose_appears_large
1.000633792201999,1.0040896289014418,1.0031082918359635,0.9996188568519443,0.9981280947467028,0.997482622062662,1.0018712791316386,1.0007804158925715,0.0012588080122044008,0.5005274952524846,0.0016375279006948839,0.7703783701318309,0.03656937743226338,0.03674164554073328,1.2945428755090382,0.3146301608933591,0.3661739714240582,0.38102663492284905,0.9931420564180156,0.9971447220111251,0.0015437485847396568,-0.000559353662265786,0,0,0,0,0,0,0,0,0,0,1,0,0,0,0,0,0,0,0,0,nose_appears_large
1.0015618197282155,1.0019853721373628,1.0036449521782758,1.000794314482726,1.0019575357557535,0.9989631629627397,1.000250793212947,1.0004301367202146,0.00043019627163807216,0.5030901592303311,0.0011102913638896621,0.7701768680116008,0.033381748030117925,0.03513534251612542,1.2913613196220108,0.3520049431566383,0.3688261012285616,0.37790490888583506,1.0016891560765013,1.0042738482689773,0.00019600382819876577,0.00467569023834433,0,0,0,0,0,0,0,0,0,0,1,0,0,0,0,0,0,0,0,0,nose_appears_large
1.003385216249231,1.0012763793360944,1.0050364593973389,0.9996201387576293,0.998671325880644,1.0108159404291175,1.001576950597768,0.9971220738160859,0.0,0.49622928034187463,0.0018731387117135758,0.7685424908284271,0.035254724951312974,0.034872982651123464,1.0029259696317638,0.19661302362846392,0.4631572466813455,0.3808971892287264,1.0024038371387995,1.0013301292523906,-0.0016189074581946553,0.0013549696841827876,0,0,0,0,0,0,0,0,0,0,0,1,0,0,0,0,0,0,0,0,mouth_appears_wide
1.005204633394608,1.0025336861641094,1.0024199735027155,1.0049888456845697,1.0112505969929548,0.9931630955843593,0.9970464936764916,0.9975352996633019,0.0,0.49568966700958517,0.0,0.7651335851388424,0.03567008473507483,0.035103396642857235,1.0019241146590547,0.20203091380655303,0.5460471104757283,0.37850636425270445,1.0084845736105346,1.0009377244659283,-0.00372496950524959,-0.002004751491532435,0,0,0,0,0,0,0,0,0,0,0,1,0,0,0,0,0,0,0,0,mouth_appears_wide
0.9981262972084022,1.008043704449602,1.0021959314963076,1.0029043934457853,0.9962757060482316,0.9960034204346759,1.0001472219963878,1.000692028558609,0.0,0.49927877190860187,2.8144165747009613e-05,0.7691394033369156,0.033373219175306654,0.033920929636157726,0.9992925632257088,0.2003632000944402,0.5451289840884612,0.38432342481980347,0.998822609105891,0.9981753752155386,0.0008753113470686125,0.0012216898328217085,0,0,0,0,0,0,0,0,0,0,0,1,0,0,0,0,0,0,0,0,mouth_appears_wide
1.0051667458626348,1.0071132836268792,0.9965343354453623,1.00005559283733,1.0000451107864747,0.99960770572587,0.9974029483215594,0.9940577519870757,0.0001853588920580076,0.49692657736180834,0.00017198696149525,0.7668238258332046,0.03280068330831132,0.0354685967207538,1.000603686107226,0.20231712788528375,0.47058464482491225,0.3811091581248434,1.0019403270682565,0.9956897546845307,-0.0025738148810727493,0.0031656588935466677,0,0,0,0,0,0,0,0,0,0,0,1,0,0,0,0,0,0,0,0,mouth_appears_wide
0.9996392303464905,0.9963899739742268,0.9987801071251476,1.0049175028706003,0.9967760255646728,0.9944253100625353,1.003770374483599,1.0019691876477521,0.0,0.49367133193549234,0.0,0.769781182252603,0.03733134417976764,0.03292683605026069,0.9996619204739541,0.2027005786395796,0.5477392341903935,0.3841351446717556,0.9952701977111742,1.0013279819738277,0.0004933662992214882,0.0021691727829276897,0,0,0,0,0,0,0,0,0,0,0,1,0,0,0,0,0,0,0,0,mouth_appears_wide
1.000552820517413,0.9992200804555208,1.001910442919027,1.0031574662226788,1.0024338069457188,0.9991429002297821,0.9926146519555181,0.9981780750045808,0.0008327362962779103,0.4956382109897981,0.0012625494602431526,0.7736335731890692,0.03525373395259169,0.02887244026737521,0.9948876465491527,0.20754475663422434,0.5400589858263355,0.372063427107484,1.004940989553241,1.0000534223661748,0.002209880977915451,0.0005539173504387306,0,0,0,0,0,0,0,0,0,0,0,1,0,0,0,0,0,0,0,0,mouth_appears_wide
1.0091097217942244,1.0038840253438368,0.9936786427286178,1.0017866460611156,1.0045659230724129,1.0048108032261447,0.9982935800677636,1.0046597777807524,0.0018554847991024105,0.5102900697478789,0.0,0.7679703976943983,0.03438776190308009,0.03401955569992245,0.9964399170009456,0.18894929797730503,0.5475976093061047,0.3814774322387996,0.9980271126179764,1.0077415247341164,2.6751625431725156e-05,0.002582058110368271,0,0,0,0,0,0,0,0,0,0,0,1,0,0,0,0,0,0,0,0,mouth_appears_wide
1.0054751385276142,1.0002237574005297,1.0019844828323552,1.0014653317346003,0.9988468581674907,1.0016199292756987,1.0089375449847908,0.9989184122316183,0.0008389297857064966,0.5050311158034778,0.0022805065618885607,0.7700468656708774,0.030233222594085278,0.036033405637296935,0.9911221029655077,0.20587974892376493,0.5782121705142281,0.38399869607948794,0.9963915554472758,0.9937899701067998,0.0005215087682823344,-6.720687991228395e-05,0,0,0,0,0,0,0,0,0,0,0,1,0,0,0,0,0,0,0,0,mouth_appears_wide
1.0033381021894763,1.0041979944234534,1.0033757475662135,1.0059178485754088,0.999239713308397,0.9917809547692988,0.999245655467976,1.003246942839986,0.0,0.4992945361980427,0.0,0.7760081170073725,0.03649891403081313,0.03630308124128792,1.0024864052524838,0.1998510029897915,0.36079022513011,0.559934201410404,1.0214427268357538,1.0354859462676949,0.0006479805125442888,0.002418529136850755,0,0,0,0,0,0,0,0,0,0,0,0,1,0,0,0,0,0,0,0,both_eyes_appear_large
1.0044775886479935,0.9984488481778029,0.9964672014753795,1.003155631533533,0.9955973549430626,0.9990462545960788,0.9995408882039923,1.0063716483564913,0.0,0.49024300144570954,0.0010088892953249366,0.7672039125875844,0.0350852620488755,0.034826590598315756,0.9989051840167289,0.20316136232713883,0.35386854048658917,0.5296164993108827,0.9900317035488636,0.9944436688747545,-0.003217613418539944,0.0013371106865134716,0,0,0,0,0,0,0,0,0,0,0,0,1,0,0,0,0,0,0,0,both_eyes_appear_large
0.9953606428569322,0.9982323599316812,0.9992668097742909,0.9974231669984542,1.0023548131128606,0.9982157224861646,1.0039207634866874,1.0011246926625739,0.0,0.4965362404646709,0.0,0.7711629327114673,0.034290824905497286,0.030255608943872976,0.9978571405089224,0.1963958638829802,0.3663027103686826,0.5147015501587906,1.0067122496016996,1.0299479684209516,0.002713526314927926,-0.001489965877451283,0,0,0,0,0,0,0,0,0,0,0,0,1,0,0,0,0,0,0,0,both_eyes_appear_large
1.0004037471669407,1.004535157090256,1.0084275389331125,0.9976926061074067,0.9999326531050663,1.0072882208853713,0.9939112028992343,1.0041103242822154,0.0,0.5004098894684126,0.0,0.7661679535971951,0.03303379614468345,0.03555282872850751,1.0039821573126508,0.199481055187246,0.36028045263493286,0.5459280095247006,1.0054885807934306,1.0038270745564217,0.001638686194119494,0.00520725259750082,0,0,0,0,0,0,0,0,0,0,0,0,1,0,0,0,0,0,0,0,both_eyes_appear_large
0.9966896630370613,0.9983578640479399,1.0003583710694737,1.0039837547392891,0.9975816055352819,0.9926304621518773,0.9923336101299272,0.9949623477331755,0.0,0.4993815569655204,0.0,0.7671889801607152,0.0334518282300359,0.03411898427830402,1.0052900173260926,0.20264779035772207,0.360064517661104,0.5201916893110475,0.9999753503948818,1.0329627714786358,0.0011683381467045804,-0.0018152350122012009,0,0,0,0,0,0,0,0,0,0,0,0,1,0,0,0,0,0,0,0,both_eyes_appear_large
1.000869761661213,0.9998567010133361,0.9995988093302264,0.999542711327981,1.000428420120038,1.0033918349738549,1.005510944945099,0.9999909990219834,0.0016306321443432664,0.4971929322149329,0.001531910905452466,0.766952033904692,0.037181319872176266,0.039421281754786486,0.9995116644481145,0.19122982603677038,0.3578077082670207,0.5284598304147344,1.0209808424675506,0.9958903290490035,0.002017336711909678,0.000968906878496844,0,0,0,0,0,0,0,0,0,0,0,0,1,0,0,0,0,0,0,0,both_eyes_appear_large
1.006827070561676,1.0008648187052906,1.0032195222634495,1.0004949600576456,0.9976539373963201,1.0000439315703296,1.005743976071071,1.0022209602971177,0.0,0.4991390221736954,0.003564587585409424,0.7691448125526001,0.03139904261653164,0.03878609777084509,1.0027295700392511,0.1997199485647488,0.3585143290556717,0.5448963094670829,0.9757521691802682,0.9695328469388423,0.001084390571448512,0.0004893638509746999,0,0,0,0,0,0,0,0,0,0,0,0,1,0,0,0,0,0,0,0,both_eyes_appear_large
1.0025249533122687,1.001920964610047,1.0016309134784722,0.9987178384866499,1.003149930817542,0.9998177674929818,0.9980515457567393,0.9987524347509784,0.004041279397551664,0.49306009567181824,0.0009995762085915976,0.7632835582895051,0.03478353332335406,0.03413274502969163,0.9916598868132804,0.20155615036173508,0.3584798477512312,0.5637644805085361,0.9777270229155107,1.0159749015220831,0.002980248684593144,0.0007179128813029423,0,0,0,0,0,0,0,0,0,0,0,0,1,0,0,0,0,0,0,0,both_eyes_appear_large
0.992761532124331,1.001877442638483,1.0090919673039176,1.002559744663203,1.005893652325767,1.0007316589205149,0.9997071267040647,1.001525085560324,0.0,0.4961448992510624,0.0025326091143387315,0.7754893693714661,0.0330177873688253,0.036935997609107735,0.999652160097576,0.20135923429796174,0.3618408745577402,0.2786648712407341,0.9734820984675661,0.9970769401651005,0.0006188256795198495,0.0012483685449390651,0,0,0,0,0,0,0,0,0,0,0,0,0,1,0,0,0,0,0,0,both_eyes_appear_small
1.0011475644731704,0.9923448810606843,1.0041531597159352,0.9978248687825891,1.0056452679435068,0.9996486572855852,1.000818826744082,1.0047158183143665,0.0,0.4960286127686642,0.0,0.7733086911984849,0.03233824549477302,0.03166393080022181,1.0032948837081752,0.197588086749732,0.35843109594831885,0.26689370411375446,1.0121892158109183,1.002329149134961,0.0018607557152457844,-0.0015424603324692776,0,0,0,0,0,0,0,0,0,0,0,0,0,1,0,0,0,0,0,0,both_eyes_appear_small
1.0054122943101682,1.0058648112785027,0.996732827282919,0.9998302647596836,1.0003606273106702,0.9960550395579336,0.9997772597894,1.0000212914418067,0.0022804189578734713,0.5048297001132448,0.0,0.7691441874245568,0.03632858460411127,0.03382962310214598,1.0023545606069497,0.19964837405052316,0.3561224056890455,0.2479899426212791,0.9948554083943077,1.0117889633373234,0.0032807081877966222,-0.0010272725214298202,0,0,0,0,0,0,0,0,0,0,0,0,0,1,0,0,0,0,0,0,both_eyes_appear_small
0.9999171745435751,0.9976563271581936,1.0010726511238213,0.996197855171257,0.9992802396484668,1.001799261306226,0.995966764454903,0.9971996638814165,0.0,0.4942847382630949,0.0,0.7704751861596116,0.03420090211682315,0.034457247014136556,0.9999203933163736,0.19737702615027075,0.3627642502634675,0.2808803927549685,1.006286236075391,1.0070083158749956,-0.0004792343108692939,0.0007309746900770094,0,0,0,0,0,0,0,0,0,0,0,0,0,1,0,0,0,0,0,0,both_eyes_appear_small
0.9972395378353922,0.9940578433619109,1.0005646760753306,0.9929740931170148,0.9990409159484256,1.005147369050582,0.9923609483770148,0.9948820128163444,0.0,0.49974672056115615,0.0,0.7755965455267844,0.0369086966581834,0.035990545892137196,1.0005825212573756,0.2015729191079393,0.3565520705787465,0.272822306790407,1.0130296974746973,0.9890940520379131,0.002372285004237662,0.00042172920417617437,0,0,0,0,0,0,0,0,0,0,0,0,0,1,0,0,0,0,0,0,both_eyes_appear_small
0.9997009243137411,0.9954391725733953,0.9994343893166985,1.0002702219363233,1.000459735646324,1.0006476774691402,1.004157476179674,0.9956558617878634,0.00035140091232969983,0.505159718794473,0.0,0.7707185867231202,0.033829242996053915,0.03425857923105379,0.9963807699871423,0.19932179713719825,0.3673650224577076,0.2562598790409987,1.0422582106337914,1.0289929253100534,0.003454836573256202,-0.0009246794110425739,0,0,0,0,0,0,0,0,0,0,0,0,0,1,0,0,0,0,0,0,both_eyes_appear_small
1.0025902964122468,0.9966739089093345,0.9928945294446151,1.0040780436706584,1.0046403713865741,1.0041842090041917,0.9981205390031217,0.9993328970639921,0.0014995311073162465,0.5015659841493925,0.0,0.7635237127195273,0.035227750388284025,0.03715801927847223,0.9952096468438634,0.20255503752670392,0.36132616678053475,0.2824685315685398,1.0356652035257028,1.01947632753579,-0.0032339188003298923,-0.0010670390513657585,0,0,0,0,0,0,0,0,0,0,0,0,0,1,0,0,0,0,0,0,both_eyes_appear_small
1.0038709015471179,1.0023068334461736,0.9990226845792819,0.9993449435835112,0.9982897425416315,1.01053896301766,1.0022236481251978,0.9981447982345942,0.0009309935483325597,0.49595652432857473,0.003009013437178454,0.7673557236167715,0.03600217086524493,0.037131955259486274,1.00153907417682,0.20037787996727857,0.36004320833942405,0.260885027273406,0.9893576669877908,1.0158386293678836,0.00295918074730187,-0.00021707326537031334,0,0,0,0,0,0,0,0,0,0,0,0,0,1,0,0,0,0,0,0,both_eyes_appear_small
1.0022934498806917,0.9974257555001974,0.9989615438746169,1.003879217949567,1.0034971107156763,0.9960723606161968,0.9965778941883657,1.0004348086112536,0.0034522647493390197,0.49233773934212405,0.0005566658791410085,0.7644958266737074,0.03373133801294891,0.03427114316387152,0.9983179666262524,0.19786481624136318,0.36002882824150545,0.3778589777334777,1.1943265318070588,1.210333363082483,0.001505744334297761,0.001686348620045338,0,0,0,0,0,0,0,0,0,0,0,0,0,0,1,0,0,0,0,0,left_eye_appears_larger
1.007368602634273,1.0076979841480502,0.9933425744266792,1.009975708022912,0.9963390971153867,1.0039226931773098,1.003881991923455,0.9960172390926327,0.000986535587678198,0.49956986502293577,0.0011086600092647815,0.7709226892095226,0.0373926789707405,0.03515079908629213,0.9993285037222948,0.20438425693222873,0.3623215838594344,0.3829272535772836,1.2723005313871387,1.2535390455208537,-0.0011354442865054032,-0.0012416427713611772,0,0,0,0,0,0,0,0,0,0,0,0,0,0,1,0,0,0,0,0,left_eye_appears_larger
0.9967124329138278,1.006301506597742,0.9997559305958864,1.000504660785724,0.9986415798975737,0.9964408386948113,0.9941254422787388,1.0025314732942292,0.0,0.5122381249159873,0.0,0.7649704701000746,0.036020277431226884,0.03805862695793459,1.000258358627773,0.2022889696807491,0.35262581033016516,0.37728995381723296,1.3423061395601745,1.2442286960122737,0.0002339604680477739,-0.004485655243220867,0,0,0,0,0,0,0,0,0,0,0,0,0,0,1,0,0,0,0,0,left_eye_appears_larger
1.0030095349308508,1.0045632511574456,0.9999923263999638,1.0012138676032667,1.0020460548076768,1.000566626789564,0.9984112227603317,0.9986702298626409,0.0,0.5016864673196393,0.0,0.767347304997453,0.033675510361350816,0.03257920254443443,1.0039153653649489,0.20031447067812716,0.3565487999217069,0.38323419099840805,1.221692743356394,1.2589749926161145,0.002042444578438266,-0.0010741939791322262,0,0,0,0,0,0,0,0,0,0,0,0,0,0,1,0,0,0,0,0,left_eye_appears_larger
0.9980600411029531,1.007551695886118,0.9999955211120084,0.9910598580084053,1.0014294598886226,1.007778391169041,1.0063036811541815,1.0073238171550263,0.0,0.5036486095839071,0.0,0.7708971575976677,0.03245409514252054,0.033711088470234574,0.9972950132105456,0.20359422112057046,0.3632028764866786,0.38110727891732327,1.3526335563933571,1.2066311690565934,-0.0014922329658854522,0.001739351513388982,0,0,0,0,0,0,0,0,0,0,0,0,0,0,1,0,0,0,0,0,left_eye_appears_larger
0.9983949802427207,0.9969971015269395,1.006570641173745,1.0050606397819533,1.0000977948876792,0.998826387635744,0.9994715951487475,1.0009086511935499,0.003200094562639216,0.501689869696949,0.0014520580660782828,0.7746770804362807,0.03266064799795117,0.03650972378494809,0.9988217249813536,0.18993561921690894,0.3514873218320567,0.3759275295539253,1.2315028570858702,1.2032537498286688,0.00036873341435132804,0.0039018869653733843,0,0,0,0,0,0,0,0,0,0,0,0,0,0,1,0,0,0,0,0,left_eye_appears_larger
1.0056396248691002,0.9972735417898783,1.008125600659114,0.9998701027043302,1.0041122142615968,0.9997867885240354,0.9998770246709578,0.9976638826671119,0.00023824785873255525,0.5012719947776562,0.0,0.7694998223365604,0.033779802267885774,0.03959932813922968,0.9996410769203535,0.20618092860678625,0.3592175106767692,0.3810371505661396,1.3282802698856235,1.2321863082780453,0.0004210693415784935,0.0031720076619197336,0,0,0,0,0,0,0,0,0,0,0,0,0,0,1,0,0,0,0,0,left_eye_appears_larger
0.9980584151883435,0.9969341526632093,0.9951597886012439,1.0093240986862322,1.0032777902904715,0.9986635170664787,1.004996090787494,1.002750768740471,0.0039322549427511806,0.49380866866904033,0.0,0.7681499144642288,0.0310526346471828,0.03712065440955939,0.9989184137767866,0.20295852481994625,0.36943908773731843,0.37858702523268956,1.2531937373753337,1.3310000949160083,0.001974494705966819,-0.0011334260506202997,0,0,0,0,0,0,0,0,0,0,0,0,0,0,1,0,0,0,0,0,left_eye_appears_larger
0.9950984328021235,1.0060049434553089,1.0016077131323153,0.996951216275851,0.9993183613710601,1.0000529466912067,1.0029429334411206,0.9945669464205649,0.0,0.5010918230194535,0.0,0.7722874367305469,0.03254098520528081,0.03571425735254265,1.0043663344775098,0.20194727418859715,0.3605564469590464,0.3796164655897361,0.8669894638039808,0.8776401418990063,0.002519411705760812,-0.00023805701320025048,0,0,0,0,0,0,0,0,0,0,0,0,0,0,0,1,0,0,0,0,right_eye_appears_larger
1.0035559327216186,1.00569423788906,1.0039834348974894,0.9962630437434081,0.996385862213695,0.9996969140941607,0.9981952985710424,0.9954466930921563,0.0,0.49810194826552384,0.0,0.76873684205538,0.037356901700636665,0.03539847608249848,1.009887236304222,0.20068203274407861,0.35883973690425097,0.3800165315306195,0.8472365097496038,0.8770862740542483,0.004153422651718048,-0.0016906409299551374,0,0,0,0,0,0,0,0,0,0,0,0,0,0,0,1,0,0,0,0,right_eye_appears_larger
0.9999642645284321,0.9930985829519692,0.9949647741612626,1.004192118310469,0.9981343339759703,0.9955647881002478,1.0009178414578337,0.9979103502742759,0.0,0.5029573041026996,0.0,0.7663785391492727,0.03530815998429774,0.03693881958149641,1.0049526412059595,0.1973397531185535,0.36374950786767857,0.3768634308261184,0.8662212851010216,0.888592634044759,0.002656957621583462,-0.0013129722136374477,0,0,0,0,0,0,0,0,0,0,0,0,0,0,0,1,0,0,0,0,right_eye_appears_larger
0.9997171376331021,1.0001786331238538,1.0030334121305762,1.0005271937080433,0.9948259805626465,0.9967481039014393,1.0009404797726067,1.0048619296659909,0.0032319648483240954,0.5031181176830858,0.0005745815220727275,0.7729952555439299,0.03366649829958629,0.034693538079483575,0.9967034771146421,0.19500502955716917,0.3613341960465448,0.380742053226339,0.8421180838958123,0.8698432720002734,0.000485288542647724,0.0011132333313551086,0,0,0,0,0,0,0,0,0,0,0,0,0,0,0,1,0,0,0,0,right_eye_appears_larger
1.0002073283959714,0.9975055899614825,0.9978939732139356,0.9955002825795913,1.0050630997006662,1.0042627406988802,1.0021497354169093,1.0078887838077752,0.0,0.5121270496604425,0.0,0.7710207734070241,0.03420444417211959,0.03574465112012061,1.003342459711545,0.19954433442778768,0.3671068793884705,0.38095659713853386,0.8552248763720371,0.8416326989646163,0.000836998149100769,-0.0002680544416187312,0,0,0,0,0,0,0,0,0,0,0,0,0,0,0,1,0,0,0,0,right_eye_appears_larger
0.9997937286420951,1.0021866681304659,1.0022191860869012,1.0027064582071061,0.9974205587734507,1.0013617617740063,0.9964957621435577,0.997521428067944,0.0,0.49524644458160694,0.0021284189777160175,0.7727544468039156,0.03695333073995626,0.035078626132048596,1.0031072307954605,0.19295484238142982,0.3634523500721814,0.3807084793200201,0.851322601394749,0.8610626363108963,-0.0019741103090737734,-0.002996079550782093,0,0,0,0,0,0,0,0,0,0,0,0,0,0,0,1,0,0,0,0,right_eye_appears_larger
0.9985707797589327,0.9945517966765894,0.9943117929354395,0.9967126588143698,1.0003450153449,0.9952776226409861,0.999536785960113,1.0042342112645672,0.0,0.49917421696635783,0.002049513467501545,0.7683269264385448,0.03385266061828317,0.03732699162861295,0.9987751916841138,0.2044179801008223,0.3617158615645088,0.3786286213883607,0.8673975859368186,0.8907298403818621,0.002041765642004948,-0.001096691075730037,0,0,0,0,0,0,0,0,0,0,0,0,0,0,0,1,0,0,0,0,right_eye_appears_larger
0.9947322997054682,1.004833051301922,1.008936372323191,1.0040073358781976,1.0057079390689059,1.0003414855264103,0.9933539803210459,0.9926235181953299,0.0005101640877355169,0.49763208476908005,0.0,0.7697490132641254,0.03623117057572258,0.032094484906475707,0.9982044895188784,0.20603948273248127,0.3556988464791145,0.38347904474865985,0.8612248003395876,0.8794975125350581,0.0021946550144057346,0.0014825635339700432,0,0,0,0,0,0,0,0,0,0,0,0,0,0,0,1,0,0,0,0,right_eye_appears_larger
1.0019404902354783,1.0013478267042408,0.9966247600859011,0.9946005303508171,1.003489394719847,1.0007433383100757,1.0045975073638314,0.9998210682632486,0.0,0.5038645187240164,0.0,0.7713680138296841,0.033705081143040966,0.03828860342046739,0.9964937407032672,0.19865028098357532,0.36042979481078924,0.3756312706916522,1.0013220781143504,1.00644764190987,-0.06851439666771374,0.000790285638063451,0,0,0,0,0,0,0,0,0,0,0,0,0,0,0,0,1,0,0,0,left_eye_too_high
0.9987478308562951,0.9967260095903585,1.0043258018785142,0.9986950252735047,0.9992900900516256,0.9984912285008437,0.9923327365129397,0.9954720542396922,0.0019221869722404327,0.49156019741248014,0.0,0.7684011197748409,0.038487243734583135,0.03653720753099274,0.9977713178917876,0.20521805478846222,0.3570379367179955,0.38403639921493604,0.994564491016308,1.0042930313271565,-0.11012880075176427,-0.0020570084818825394,0,0,0,0,0,0,0,0,0,0,0,0,0,0,0,0,1,0,0,0,left_eye_too_high
0.9980210062778971,1.0022158140239812,0.9976680244653438,1.0024814895757255,1.0017688882481464,0.9997563077811683,0.9982344707505362,1.0006061631830612,0.0011005074860673985,0.5082471966109264,0.001878840843596362,0.7739039597992634,0.04117702438972057,0.03603191695353569,1.0019385740452469,0.20281606029728663,0.355964136089647,0.37822439345432496,0.9979753229332307,1.0025904559088783,-0.11071178106270951,0.0002764468509486056,0,0,0,0,0,0,0,0,0,0,0,0,0,0,0,0,1,0,0,0,left_eye_too_high
0.999353115987835,0.9973200196124871,1.0045410989266128,1.0030955647236395,0.9935749727268185,0.9987473842443669,1.000662061848067,1.003115318868484,0.0018202029898795424,0.5011356240047019,0.001170495062717712,0.7702565472095126,0.03365229662363888,0.03447747121791749,1.0000759647465605,0.19986128299992564,0.3524577083822261,0.37841006666028226,1.0002248226123567,0.9988745200323772,-0.0883346901372903,0.0009759827416091748,0,0,0,0,0,0,0,0,0,0,0,0,0,0,0,0,1,0,0,0,left_eye_too_high
0.9986073208366533,1.0030564576220071,1.0067502121579466,1.003128512956379,0.9941269449605246,0.9990705310424929,1.0010265375243261,1.0007103644676945,0.0010786091058857482,0.49633180421415696,0.00012988617510148524,0.7716812913191046,0.03665134190660732,0.033388563666774417,0.9986193725310284,0.18918472927970664,0.3575141521296889,0.3779023404281158,0.9959216619673302,1.0006624486009306,-0.08669264096678328,-0.004518427755155223,0,0,0,0,0,0,0,0,0,0,0,0,0,0,0,0,1,0,0,0,left_eye_too_high
1.001942755836762,0.9948725950090853,1.0001200261541237,0.998867346684454,1.0012124075398012,1.0004987891106054,0.9989793432999142,0.993854910743823,0.0,0.49766445224363115,0.0,0.7675670082112036,0.03625042386115893,0.03444155816157664,0.996139949100882,0.19888761482804837,0.3609034393452662,0.3812995388752983,1.0075135165279725,0.9973243626399864,-0.12310961093923609,0.0008522478936388528,0,0,0,0,0,0,0,0,0,0,0,0,0,0,0,0,1,0,0,0,left_eye_too_high
0.993802971294623,0.9979566617637879,0.9957051903491287,0.9930935732755048,0.9968172846333176,0.9958116331169342,1.0023351461811718,1.0024043673496572,0.0,0.49895908547774753,0.0,0.7680226401992692,0.035797963801404695,0.03664987577922821,0.9971478116732347,0.2042074194421101,0.3539372323139461,0.37500948880342483,1.0028386474625515,1.0066844849142529,-0.14061168304135543,-8.068477306802485e-05,0,0,0,0,0,0,0,0,0,0,0,0,0,0,0,0,1,0,0,0,left_eye_too_high
1.0005176381475835,0.9985677493217153,0.9955766592713915,1.0002621303233201,1.0004605254700312,1.003777663474161,1.0005464091320508,1.0049135774733375,1.5988059097626725e-05,0.49953866002077063,0.0021286243724943647,0.7660862364798343,0.04062889490653233,0.035750514956333475,1.0015233170113507,0.2021003838958904,0.36750854590132653,0.38317002964669045,0.9935797760839843,1.00561388153907,-0.10559713737101402,0.00021431014567864693,0,0,0,0,0,0,0,0,0,0,0,0,0,0,0,0,1,0,0,0,left_eye_too_high
0.9973945028397297,1.000400678551974,0.9988636039785569,1.0077000512069434,1.0079290412005824,1.000186052680859,1.0002559108454754,0.998506228134602,0.0022120125830055724,0.4986843205186665,0.0,0.7739143714546599,0.033923401809366704,0.03492448993110294,0.993674756873956,0.20281676138049268,0.36776346775672747,0.3828849014911992,1.0058471966701892,0.9966155914552907,0.13573690839862967,-0.0018863198487387791,0,0,0,0,0,0,0,0,0,0,0,0,0,0,0,0,0,1,0,0,right_eye_too_high
1.0004072824524133,0.9943494359095951,0.994739883577849,0.9944753442740369,1.0019658103597584,1.0082555781426268,1.0054498329760009,0.9924160592034157,0.002842151876139568,0.5037456016680586,0.0,0.768787193533158,0.037191044822991626,0.03610086702186957,0.994763619790448,0.20244296862318478,0.35144999761567763,0.37910871129697116,1.0045518270776002,1.0000735768622853,0.14572813285687414,0.0017786925075446984,0,0,0,0,0,0,0,0,0,0,0,0,0,0,0,0,0,1,0,0,right_eye_too_high
1.0034973697137854,1.0043254991757486,1.00293163422975,1.001062114596466,1.0003580359990552,0.9990509611236104,0.9951505268277611,0.9961787539647208,0.0,0.5009658086384097,0.0028816251960085263,0.769832811088498,0.037006952581755334,0.037158631312864246,0.9990742128092448,0.20237876084548076,0.3590258878331005,0.3852885435763139,1.0025433733530638,0.9952380649812466,0.12503489376343485,0.0032962243236477596,0,0,0,0,0,0,0,0,0,0,0,0,0,0,0,0,0,1,0,0,right_eye_too_high
1.0021835153509566,0.9958535084033416,1.0020428317968542,0.9944246593918615,0.9974975035743944,1.0043028918699768,1.0014270251612334,0.9987820887690139,0.0008929220424903749,0.49975963100897947,2.5157004703666496e-05,0.7726272741068806,0.03354526451868174,0.03508067281110938,0.9987509272215734,0.19365758650159898,0.3563181769750028,0.38627282578825534,1.001538893258341,0.9947056467943944,0.10708399243323004,-0.0002243278002211679,0,0,0,0,0,0,0,0,0,0,0,0,0,0,0,0,0,1,0,0,right_eye_too_high
1.005227998213616,1.0014077230832745,1.0018850018313836,0.9946571179627817,1.003750091686999,0.9986602718509056,1.0034523698144435,0.9967433200720556,0.000354098695019825,0.5014080118157506,0.0,0.7716181807723447,0.03446720584961498,0.033701880493917445,1.006421933531176,0.20419581146544577,0.3569565410198073,0.38227377722237843,0.9970292845811954,0.9952612614253507,0.12284734662999741,-0.0034081992512948116,0,0,0,0,0,0,0,0,0,0,0,0,0,0,0,0,0,1,0,0,right_eye_too_high
0.9991538135876779,1.0016390048784931,1.002324795247977,0.9966946272926843,1.0028709024350002,1.000453482152101,0.9949757808285279,0.999320502065681,0.002762558031117852,0.5067063791929828,0.0014346969152173547,0.7652386260473265,0.03598121380491178,0.03670172180771839,1.002902831933275,0.20313981715475168,0.3614530523169901,0.37971035064467784,0.997566530016384,0.992408257925994,0.10633080450391794,0.0003721056873043771,0,0,0,0,0,0,0,0,0,0,0,0,0,0,0,0,0,1,0,0,right_eye_too_high
1.0025800667572602,1.008218180378483,1.0003138005231116,0.9997533387231738,1.0012360094243429,1.0081293480988414,0.9959054089532005,1.0008128277335757,0.0,0.49781198111662,0.0,0.7753892929664542,0.03860198120137748,0.03589628428925341,0.9984936211079061,0.2099709554665541,0.35828978207468193,0.37771545634256104,0.9929002278216851,1.005584366276979,0.14493189744890012,0.004835611072232892,0,0,0,0,0,0,0,0,0,0,0,0,0,0,0,0,0,1,0,0,right_eye_too_high
1.0002805420734646,1.0032244008672004,0.9934088914355821,1.0058723272906611,1.0031460670053274,0.9998443598608552,1.0025804507506444,0.996938018795831,0.0,0.4981462215454984,0.0,0.7734470339768135,0.03738318722836514,0.03359731170047232,1.0013928120637792,0.19893783810148308,0.3613130958483241,0.3774896910351559,0.9964662993756495,1.004208299544095,0.11479241725642901,0.004044217901706951,0,0,0,0,0,0,0,0,0,0,0,0,0,0,0,0,0,1,0,0,right_eye_too_high
1.0049077635057437,1.002523200656584,1.0029074914547857,1.0047624027154716,0.9973888148246168,0.9994909867640589,0.9993142006740489,0.9948370138523375,0.0,0.5053455178315073,0.00047467620758769404,0.7646157546886201,0.031888321176670134,0.03832955211749654,0.9996387239589795,0.19741035917719355,0.35890403294041195,0.3740907689827307,1.0056923805980464,0.9984277882496558,0.002734803055476844,-0.10143873048184485,0,0,0,0,0,0,0,0,0,0,0,0,0,0,0,0,0,0,1,0,left_mouth_corner_too_high
1.0034129306514763,1.0028763721843534,1.002493164265008,1.001391737908731,0.9990685971355376,1.0076617387662914,0.9963722520596164,1.0000172305693726,2.97717504151909e-05,0.5016097630133741,0.0,0.7712589852223584,0.034662314829594074,0.031836094965124205,1.0000382091450273,0.1955977386678794,0.3530624569502044,0.38054749328275755,1.0019515333680782,1.0021067921684184,0.0011343414140393884,-0.05931242779449596,0,0,0,0,0,0,0,0,0,0,0,0,0,0,0,0,0,0,1,0,left_mouth_corner_too_high
0.9958111649596919,1.0024433641245467,0.9972522495133366,1.0003186909570703,0.9974669831909057,1.0022461646184786,1.0005470964692669,0.9982068409054231,0.0,0.5010710967899701,0.0,0.7717099241684834,0.0402529698180738,0.03770034010252403,1.0028733915475767,0.19965757080903543,0.3522449894919859,0.3747108544163993,1.0051311714244109,0.9968409756795009,-0.0013985041963280934,-0.1265892704443489,0,0,0,0,0,0,0,0,0,0,0,0,0,0,0,0,0,0,1,0,left_mouth_corner_too_high
0.9997981037088743,0.9964338821813119,0.9970359256808844,0.9968752358954119,1.0020894408553378,0.9990714972380186,0.9992857121284245,1.0023877835892356,0.0,0.4988869849261713,0.0009409007111403418,0.7726727913742305,0.03470585300098279,0.03516121555124105,0.9968728390810667,0.1965572678273419,0.36307659000786724,0.3817797682501785,1.0018211937536663,1.0011234173949022,9.240655162990714e-05,-0.10338609528064087,0,0,0,0,0,0,0,0,0,0,0,0,0,0,0,0,0,0,1,0,left_mouth_corner_too_high
0.9995968883362161,1.0055479709196353,1.0009138427269293,1.0025295047702631,1.0011283515633396,1.0009880268299367,0.9970569920389987,1.0028054033533793,0.005690588789815278,0.49850081970083965,0.0001419894308498963,0.7682151789426109,0.03402396019687613,0.03808889895623735,0.9973081159290902,0.19810367810653456,0.3536500287050748,0.376969553101831,0.9931664004281866,1.0025272187968477,0.005599394443674619,-0.07721458386966289,0,0,0,0,0,0,0,0,0,0,0,0,0,0,0,0,0,0,1,0,left_mouth_corner_too_high
0.9970923001642794,1.0051973877222142,0.9988718838088402,0.9974727372436689,0.9992881697770173,1.0030311070437448,0.9990903174769774,0.9980131011888251,0.0,0.49491257926199644,0.0007940632045879603,0.7628530936246204,0.03411175709126897,0.03651877041766149,1.0012121931317308,0.20236128229194558,0.35973981730912474,0.3846789847239421,1.0036987967870792,1.0017845640169907,0.0018550915546270861,-0.05957879196941343,0,0,0,0,0,0,0,0,0,0,0,0,0,0,0,0,0,0,1,0,left_mouth_corner_too_high
1.0016814485033705,1.0021843569233257,1.0043618879645542,0.9962547148998189,0.9963742757628914,1.001839601065231,0.9997153320445876,0.9924569535577155,0.0007502163275083816,0.4925903083400442,0.0,0.7754067254914404,0.03864975803561423,0.03256868726305608,0.9986824338503493,0.20017049009231483,0.36712490771032624,0.3780285242087024,0.9980924639078669,1.0061949022338514,-0.000749578305436516,-0.0831174568565549,0,0,0,0,0,0,0,0,0,0,0,0,0,0,0,0,0,0,1,0,left_mouth_corner_too_high
0.9933616126466944,0.9957782648761772,1.003356805420609,0.9998003784356532,0.9987235770377881,0.9970050015040763,0.9991173757070348,1.0012044526684027,0.0019658324129235238,0.4894994132636128,0.0,0.7706363849687561,0.03480227376807543,0.03580675248505345,1.0010701611445063,0.1987805285480264,0.35789258721605127,0.379017994041058,1.004594969399291,0.9970719682683772,-0.00012561344628791096,-0.11239265929499397,0,0,0,0,0,0,0,0,0,0,0,0,0,0,0,0,0,0,1,0,left_mouth_corner_too_high
1.0038352266240438,1.00492791761306,0.9997449829400374,0.999157124083693,0.9986837853118071,0.9989767074630297,1.0034169594423072,1.000924039909022,0.0004705794183397388,0.4954991059584807,0.0,0.778573787299108,0.034644348549422624,0.033450456008843284,1.0057243966623572,0.20112723419473422,0.3623126196674581,0.37944781169887387,0.9987253076376927,0.9993216545100109,-0.0027654763405972537,0.05898477194996384,0,0,0,0,0,0,0,0,0,0,0,0,0,0,0,0,0,0,0,1,right_mouth_corner_too_high
1.000343996260021,0.9906632918311588,0.9996240582688615,1.0109580165324332,1.0034654649399402,0.9967564442247656,1.0023644260577222,0.997031946300441,0.0,0.4986065225470637,0.00018305287847772243,0.7625113779902665,0.03270168141892273,0.035020671126364714,0.9983673072960442,0.20157924508458439,0.35514132669076576,0.3828564549942132,0.9952649636117592,1.0065709372077505,-0.0034315165687566333,0.13073869778290428,0,0,0,0,0,0,0,0,0,0,0,0,0,0,0,0,0,0,0,1,right_mouth_corner_too_high
1.0012601721444647,1.0022514316807296,1.0000701476066922,0.9958944061835392,0.9980394466070425,0.9951523611200749,0.9948851601288925,1.001606995677279,0.0,0.5012782160268935,0.0,0.771185532080467,0.034022634862074075,0.03781323106730129,1.0012948755823163,0.20494313157197658,0.3569774131342992,0.38022457336097665,0.9960756513675348,0.9983455790290223,-0.0005242084454892582,0.08301865788635224,0,0,0,0,0,0,0,0,0,0,0,0,0,0,0,0,0,0,0,1,right_mouth_corner_too_high
0.9906410075371704,0.9957746141459861,1.0025099755866873,0.9936060058719469,0.9945275086149867,1.0071635942849317,0.997454015800607,1.0012841840366593,0.0012846342930009893,0.5026501045191252,0.0,0.769075761280402,0.031763545460963216,0.03989263571782065,0.9936204989439376,0.19580863912452073,0.35583759658063396,0.3740133580931085,1.0054103756390262,1.009689791604334,-0.0009514982386252348,0.08315939699973476,0,0,0,0,0,0,0,0,0,0,0,0,0,0,0,0,0,0,0,1,right_mouth_corner_too_high
0.9987345383073543,0.9973948154945594,1.000885501015905,1.001580692571262,1.0012923330317516,0.998735500512126,0.9955935126817029,1.0026633323912268,2.5027518843060908e-05,0.5035534300993386,0.0015801510989444628,0.7643129517238115,0.0321315555850848,0.03348891856251895,0.9957749383668373,0.20302100710390442,0.36140523870395164,0.38439673597514123,1.0015859472696438,1.0008345983274936,0.002399459560688341,0.09475289014521043,0,0,0,0,0,0,0,0,0,0,0,0,0,0,0,0,0,0,0,1,right_mouth_corner_too_high
1.000460723532611,0.9987826375803283,0.9966487069648894,1.0028121018361817,1.00494820216737,0.9997976503942663,1.0052316624951194,0.9921199398721137,0.0,0.49983962035158225,0.0,0.7795354441519275,0.03486761473462248,0.03418453845679114,1.0001038484537341,0.1919887450458967,0.35696052829862035,0.38393295987778164,0.9974842185802689,0.9966844993487989,0.002619051273028801,0.06571230995039348,0,0,0,0,0,0,0,0,0,0,0,0,0,0,0,0,0,0,0,1,right_mouth_corner_too_high
0.9990421157395347,0.9967834001537001,0.9960209075238854,0.9958223340467662,0.9975277823728592,0.995861116037261,0.9937451795258274,1.0008776106790156,0.00046919116178687414,0.5068031710337133,0.0,0.7711844023584931,0.035625425158549606,0.034492324877748934,1.0029773343549988,0.20310091674740288,0.36130964438079016,0.3789774411798088,0.9985698795657819,0.9945289844048117,-0.0016118355572353833,0.07719722749462621,0,0,0,0,0,0,0,0,0,0,0,0,0,0,0,0,0,0,0,1,right_mouth_corner_too_high
1.004786511475948,0.9963677502706834,1.0011337657429786,0.9958635554418812,0.9987803113162433,0.9972386816832889,1.0024075825944259,0.9972848473046313,0.0020233208274132936,0.4990171169053512,0.0,0.7649867789506194,0.035506409020590705,0.03679043680445236,1.0010932850261476,0.2089553266656577,0.3657191498098817,0.37876988894113195,0.9987278902647717,1.0018787868779415,-0.0016760383608513702,0.11913196839264509,0,0,0,0,0,0,0,0,0,0,0,0,0,0,0,0,0,0,0,1,right_mouth_corner_too_high
0.9984532654300469,0.999930264412204,0.9998409510742873,1.0006992773080832,0.9905700501640508,1.0075235052280314,0.9994108467458618,1.0023224904777879,0.0,0.498115998955003,0.0,0.7758788950580342,0.03382837278632824,0.036516159973880184,0.9973983181893072,0.19818952424138422,0.35901779933919725,0.26334689034005343,0.9667211830201721,0.9726848115118107,-0.0936996131829695,-0.0021750042395229006,0,0,0,0,0,0,0,0,0,0,0,0,1,1,0,0,1,0,0,0,both_eyes_appear_large|both_eyes_appear_small|left_eye_too_high
1.0036094696685414,1.0025224494499334,0.9970497725437282,1.0000981993296159,0.998714629879851,0.999195240946021,1.0081485115878392,0.9929519990519855,0.0,0.5048469956287847,0.0,0.7674250102989351,0.033941923004864726,0.034553420555892035,0.9936161713615751,0.20238114424135217,0.36266514913005254,0.24917913563340022,1.0003822959954296,0.9978966193830712,-0.10093981694371172,-0.0006651933215430254,0,0,0,0,0,0,0,0,0,0,0,0,1,1,0,0,1,0,0,0,both_eyes_appear_large|both_eyes_appear_small|left_eye_too_high
1.0010880044275328,0.9974867200584463,0.9988865342387956,1.0017654347701197,0.9986049092751947,1.0009042383564082,1.0063709138240782,0.9993125648040521,0.0023586756194384126,0.5022374802692294,0.0,0.765591451882946,0.03333280823386021,0.03329033016613444,0.9996388410155728,0.2024585761923273,0.36502063366681886,0.2915948049165036,0.9905773256809496,0.9942246378930819,-0.06310006157935662,5.154038738998258e-05,0,0,0,0,0,0,0,0,0,0,0,0,1,1,0,0,1,0,0,0,both_eyes_appear_large|both_eyes_appear_small|left_eye_too_high
0.993083715413031,0.9997946285666202,1.0011248258236916,1.0038911694457429,0.9986500943874935,1.0033117530697888,1.000748567947081,0.9947397815638497,0.0,0.5044902394805973,0.0023919683567635384,0.771291636921619,0.03799141344236006,0.03711321969808322,1.002734514917919,0.19635475404506533,0.36692571500412935,0.27375611936955324,1.0057058178402707,1.0033278404476063,-0.08181923166720434,-0.0033421181696769095,0,0,0,0,0,0,0,0,0,0,0,0,1,1,0,0,1,0,0,0,both_eyes_appear_large|both_eyes_appear_small|left_eye_too_high
0.9966807264711699,0.9996902445294712,0.9927121670817277,1.0044924084410436,1.0082600970308033,1.0003203304984924,0.9914999595003879,1.0024355620663081,0.0,0.49734660223334215,0.0012531527795820077,0.7710182165020509,0.0340237824493228,0.03370078873479668,1.0005033442208833,0.19836213778995054,0.355563051465588,0.24035282169921263,0.9762245933463608,1.0223447860805035,-0.05930703617213926,0.0019781292427510787,0,0,0,0,0,0,0,0,0,0,0,0,1,1,0,0,1,0,0,0,both_eyes_appear_large|both_eyes_appear_small|left_eye_too_high
1.001559839776791,1.0011025471293162,0.9980216924713535,1.003309010604562,0.9937585301042277,0.9997366848453043,0.9977445012937902,0.9972908082317319,0.0008574955749070916,0.5043099141708788,0.0,0.7731227243597031,0.0350994813308892,0.033214535581523985,0.9989681916270358,0.19880205643683355,0.3572133603499782,0.24389833657071588,0.9859919796584353,0.9790051491178497,-0.05789037517250798,0.0008493689064115088,0,0,0,0,0,0,0,0,0,0,0,0,1,1,0,0,1,0,0,0,both_eyes_appear_large|both_eyes_appear_small|left_eye_too_high
0.9968929953855747,1.004374138352865,0.9983974843209199,0.9958265992655307,0.9982947936479448,0.9895033328899944,0.999516925693304,0.9993195232354793,0.0016494854930959354,0.4924547802880665,0.0023237327217270954,0.7732823971799906,0.03750408712739733,0.03489455724799173,1.004055587336411,0.19411502386037238,0.3628521902608181,0.2857819344660811,1.0127810043970362,1.0059938301505633,-0.13136109204013968,-0.0016485984164352069,0,0,0,0,0,0,0,0,0,0,0,0,1,1,0,0,1,0,0,0,both_eyes_appear_large|both_eyes_appear_small|left_eye_too_high
1.0001247137946585,0.9999286054468305,0.9989089518093158,0.998440777954317,1.000291472951314,1.0001376299839422,0.9958062894298619,1.0032071836396017,0.0,0.4991270662218113,0.0,0.7714324144506369,0.030761792119565336,0.03678181962985892,0.9972920386095513,0.20487985317910823,0.35808734030193534,0.26060902644717193,1.0051625438176675,0.9719250881905656,-0.14300820002611436,7.809017112912019e-05,0,0,0,0,0,0,0,0,0,0,0,0,1,1,0,0,1,0,0,0,both_eyes_appear_large|both_eyes_appear_small|left_eye_too_high
1.0081214919630364,1.0012186779964873,1.0019192092802063,0.9946391664598758,0.9999953200439725,1.0020369919376524,0.9989889692378623,1.0043028224993056,0.0046236622512856596,0.4962117486916242,0.0,0.7664889757378857,0.03821239832003299,0.037084710634059374,0.9994578887288255,0.2001462386576035,0.3567338254952131,0.2611713585643374,0.9917298404637728,0.9724587750710071,-0.0849728218553353,-0.00037598987616644237,0,0,0,0,0,0,0,0,0,0,0,0,1,1,0,0,1,0,0,0,both_eyes_appear_large|both_eyes_appear_small|left_eye_too_high
0.9979581685318861,1.0059269423781685,1.001919356147609,1.0054926996715545,1.0010537010466087,1.0003255513457003,0.996253608729559,1.0000477181327863,2.610785135088039e-05,0.49453154446386305,0.0,0.7687068696059346,0.03582695908811145,0.03592270022397141,0.9976747260721391,0.20187547841016756,0.3592716842826059,0.27607771379748597,0.9945596372352152,0.9926110012309746,-0.12131944646960217,0.00022538240083108045,0,0,0,0,0,0,0,0,0,0,0,0,1,1,0,0,1,0,0,0,both_eyes_appear_large|both_eyes_appear_small|left_eye_too_high
0.9915310267515179,0.9997870368054437,0.9940791493555008,1.0064651270142548,1.0007071505510525,0.9963792997730258,0.9972054703413502,0.9924424096485043,0.0,0.5040652928101628,0.004463572290984783,0.7729055860527958,0.03481591492275794,0.03413608124869217,0.9961740167456945,0.20823906359735897,0.3592450051925425,0.27165255550947126,0.9994151729100318,0.976855254453978,-0.08468840805235615,-0.0013380902483476446,0,0,0,0,0,0,0,0,0,0,0,0,1,1,0,0,1,0,0,0,both_eyes_appear_large|both_eyes_appear_small|left_eye_too_high
1.0013104023370845,1.0022808036156483,1.005650431602545,1.0037478661676573,1.0002851784539897,0.9953129665924669,0.9975999789011555,0.9991214753923303,0.0005046916626828947,0.49808666895400244,0.0,0.7652472052435186,0.03169764448188894,0.03453009859245087,0.9941213382317188,0.19599789726337044,0.3584243925086228,0.2756337146003738,0.9929634276922371,1.0218640058549597,-0.11960545261584395,-0.0008740546152200035,0,0,0,0,0,0,0,0,0,0,0,0,1,1,0,0,1,0,0,0,both_eyes_appear_large|both_eyes_appear_small|left_eye_too_high
0.9988987631505518,1.001468577507545,0.9987530083643817,1.0034715044002605,0.9936541734217912,0.9978336965528228,1.0081792929939066,0.9974956781457104,0.0,0.4964696762665997,0.0006716913457716478,0.7670549404394312,0.0346287781303859,0.036697733072070145,0.9972049463247408,0.2031544444770609,0.36328891726224144,0.27878035827186143,0.9835891129715708,1.0120897848436778,-0.06969539744609028,0.0006497552488136531,0,0,0,0,0,0,0,0,0,0,0,0,1,1,0,0,1,0,0,0,both_eyes_appear_large|both_eyes_appear_small|left_eye_too_high
1.0019885449615444,1.002126343942971,0.9960613896600305,0.9995800932612613,0.9939715328574621,0.9919865234823992,1.0029625708393723,0.9969875024248361,0.001744997004286107,0.5044333903115201,0.0,0.7723612443782212,0.03367768654277272,0.031308242250746354,1.0004932376177698,0.19811650448113696,0.35823964395765145,0.28936798247825113,1.0223503982033082,1.0153346147411155,-0.07626225180080086,0.0018165228185346488,0,0,0,0,0,0,0,0,0,0,0,0,1,1,0,0,1,0,0,0,both_eyes_appear_large|both_eyes_appear_small|left_eye_too_high
0.9998316557934545,1.0024782608245022,1.0015893132330516,0.9969344452795553,0.9967619301714776,1.0039531376124107,1.0047662032506006,1.0060485742324876,0.0036078609665057357,0.5005384777452904,0.0,0.7754039637551139,0.03642613856370318,0.03303508948266482,0.9958654573379243,0.20196772080542524,0.359290901354064,0.27973248625529074,1.0101322245635782,1.0158071444150532,-0.07157031287758629,-0.003863072212746733,0,0,0,0,0,0,0,0,0,0,0,0,1,1,0,0,1,0,0,0,both_eyes_appear_large|both_eyes_appear_small|left_eye_too_high
1.0012149700098054,1.0067502804832258,1.0044098660574723,0.995759384409607,1.0031828843235222,1.003569493498046,1.0012598691486072,1.004525697482011,0.00037614806859807436,0.5008018708843051,0.00024248108935408661,0.7619270236568013,0.03483920321218825,0.033663498851090864,0.9952542080872298,0.20573607313895811,0.3620168300741378,0.29159384660710624,0.9844365254056531,1.0017388101918436,-0.12297090645383718,-0.0016539316870938816,0,0,0,0,0,0,0,0,0,0,0,0,1,1,0,0,1,0,0,0,both_eyes_appear_large|both_eyes_appear_small|left_eye_too_high
1.007258701395716,1.0000212920265084,1.0071275849034598,1.0030008044997853,1.0012284334503296,0.9997374772724537,0.9975038342404832,1.0003031661998574,0.0017947229180400484,0.49994755427601334,0.0,0.768996869863289,0.036984953227166106,0.037450322910199715,0.9973313979449265,0.19732564857021007,0.36151743567866845,0.28239574216052,1.0110862969934242,0.9860110893674023,-0.08638027089449421,-0.0018612071093790246,0,0,0,0,0,0,0,0,0,0,0,0,1,1,0,0,1,0,0,0,both_eyes_appear_large|both_eyes_appear_small|left_eye_too_high
1.0029259772392194,0.9947062982929472,1.0000198267880362,1.000945083082356,1.0046230041499937,0.9936589815095689,1.0001230101941396,0.9956590588354314,0.0010109920884165502,0.5031088661458245,0.0025743404850161757,0.7678598821827666,0.036854452971377585,0.03772180317495411,0.9934270121205782,0.2024493796803938,0.3638340450151204,0.24690970781687374,0.9796173780372501,1.0033181520259042,-0.07802260970274527,-0.0003567028690218047,0,0,0,0,0,0,0,0,0,0,0,0,1,1,0,0,1,0,0,0,both_eyes_appear_large|both_eyes_appear_small|left_eye_too_high
0.997642916563744,0.9996952042451208,1.001292790387435,1.0019348055744342,0.9999769298152689,0.9946804359102377,1.0029111446012409,0.9997881653453479,0.0023234695800293977,0.49716904488208025,0.0,0.7698638959892677,0.037591905376568535,0.03532188427323211,0.9992013208033086,0.19651861192937028,0.3670310658667233,0.2789981773457417,1.0346099670142952,1.0029881648182186,-0.10774028116508952,0.0025491813307626796,0,0,0,0,0,0,0,0,0,0,0,0,1,1,0,0,1,0,0,0,both_eyes_appear_large|both_eyes_appear_small|left_eye_too_high
0.9980868914479673,1.0018946875632673,0.9984541085091324,1.0010767431553107,0.9957552312426583,0.9964734892700948,1.0025416372040732,1.0035467603016244,0.0,0.5026824572420256,0.0,0.7700660207048012,0.0378338888315813,0.0366149744680459,1.0031834879520887,0.20763516143382788,0.35718448263580077,0.269214662801369,0.974033251618308,0.9864849727285966,-0.07136265894220628,-0.00041485647339362076,0,0,0,0,0,0,0,0,0,0,0,0,1,1,0,0,1,0,0,0,both_eyes_appear_large|both_eyes_appear_small|left_eye_too_high
0.9979461920518036,0.9950986772736696,1.000684455594125,1.0017028583783396,1.0016094613936792,1.0000494445276211,0.9938357080139945,0.9975201853444285,0.0,0.4983868187483175,0.00014996243597967273,0.7757021654894841,0.036624192425369205,0.03302496444030262,1.0027136115011865,0.20256120947066295,0.35677573010819374,0.2433304148180131,0.9715659258584819,1.0184396384246803,-0.10841974480704081,0.0004339236472290486,0,0,0,0,0,0,0,0,0,0,0,0,1,1,0,0,1,0,0,0,both_eyes_appear_large|both_eyes_appear_small|left_eye_too_high
1.0014839528997581,1.0024094113555702,0.9951839323446557,0.9997393535274373,1.006681121683151,1.0068572587199374,1.0039492923761077,1.0013499725552752,0.0,0.5028744865015642,0.0,0.7722421131010914,0.03373431309029577,0.034654133774320146,1.0006565894403057,0.20098511236597544,0.36197489085784096,0.280251526917521,0.9776320982879199,1.0067544041145031,-0.1328045244485527,0.0008948414224047573,0,0,0,0,0,0,0,0,0,0,0,0,1,1,0,0,1,0,0,0,both_eyes_appear_large|both_eyes_appear_small|left_eye_too_high
1.0016209603652257,0.9981020350822917,0.9966169088210964,1.004105702722189,1.0015499833912578,1.0019614743976075,1.0060084605919783,0.9957806306627257,0.0,0.5006317333953387,0.0,0.7731325461410898,0.034625201558192036,0.03301493438500562,1.0002630867007507,0.20068135508322715,0.3637387282515853,0.2682461973806671,0.9979435897419177,1.0100290969575458,-0.10569926850269261,-0.0014324382302225295,0,0,0,0,0,0,0,0,0,0,0,0,1,1,0,0,1,0,0,0,both_eyes_appear_large|both_eyes_appear_small|left_eye_too_high
0.9972313837132285,0.997267697571164,1.0058034267189726,1.0030839263567726,0.9984369162314667,0.999571155324191,0.9995891442133004,1.0001262964891255,0.0009453661844772264,0.5101399709843993,0.0003795131223253049,0.772650392601701,0.031627046587619716,0.03403020001444233,1.0049152600108664,0.20160926156542647,0.34244354166054064,0.2904179312855271,1.016612719460151,1.0277157470097482,-0.12984143734185477,-0.005543911261251856,0,0,0,0,0,0,0,0,0,0,0,0,1,1,0,0,1,0,0,0,both_eyes_appear_large|both_eyes_appear_small|left_eye_too_high
0.9939404223711563,0.9966161290328106,0.9936280981948794,1.000176759678224,1.0015736632207222,0.9942789868670305,1.003108513837102,1.00240441577608,0.0,0.49930991205606406,0.0,0.7686709513748518,0.03501476994826065,0.03533749519045638,1.0015155076480806,0.2009769669729223,0.3589426252109373,0.27955240747340376,0.9929842200284199,1.0088435032242604,-0.12051195693399619,-0.00037234212532823684,0,0,0,0,0,0,0,0,0,0,0,0,1,1,0,0,1,0,0,0,both_eyes_appear_large|both_eyes_appear_small|left_eye_too_high
1.0075815345019066,0.9984810562086015,0.9964995614312212,0.9960252603206293,0.9930643103870813,1.0061305115695724,1.0054842695630746,1.002402980651539,0.0,0.5072450707262365,0.0,0.7689238966750934,0.03787451816087216,0.03631782116896175,1.0088044125550184,0.20099488904127608,0.35841187680168507,0.23892563159561697,1.018983004944392,1.0301390325910116,-0.06945665102958504,0.0011976683453121385,0,0,0,0,0,0,0,0,0,0,0,0,1,1,0,0,1,0,0,0,both_eyes_appear_large|both_eyes_appear_small|left_eye_too_high
0.9999683560395011,0.9981496687437736,1.004145496970236,1.0018898040574211,1.0006092014901893,1.0031890902446772,1.000067002836287,1.012719457955294,0.00030269386731348225,0.5007811283939588,0.0,0.7678261986907863,0.03729475536359962,0.03232908629928026,0.9913697713027921,0.2001292618847503,0.3654829780298999,0.2676908834873963,0.9691890671279004,0.9975160655754491,-0.13445628509510107,0.0013225502177660897,0,0,0,0,0,0,0,0,0,0,0,0,1,1,0,0,1,0,0,0,both_eyes_appear_large|both_eyes_appear_small|left_eye_too_high
1.0012987266129154,1.004468423245824,1.0045939811943214,0.9965104595668248,1.0009543044402018,0.9966086738091127,0.9992470118465857,1.001287165476194,0.0,0.5096449761585587,0.0011328173547949503,0.7676171868983463,0.03885473951046046,0.03430513765902762,1.0005300775433121,0.1980515367584095,0.36660796734977336,0.26483673801885427,0.9911800055757664,1.0005483844444687,-0.11888963518086354,-0.00010869613026814388,0,0,0,0,0,0,0,0,0,0,0,0,1,1,0,0,1,0,0,0,both_eyes_appear_large|both_eyes_appear_small|left_eye_too_high
1.002143971219701,0.9963516859592408,0.9970880780585435,1.0054989947329227,1.0045064413945168,1.0001125996408968,0.9982298941378447,1.0044997313428186,0.0,0.5015681215922301,0.0045453179817866625,0.7708214227290059,0.0334487810414768,0.03582073740534308,0.9981199651239386,0.19442353662498635,0.3628041441074884,0.27274499305817956,0.9947033730410755,0.9929443739816761,-0.0967140836728655,-0.0002998712009351332,0,0,0,0,0,0,0,0,0,0,0,0,1,1,0,0,1,0,0,0,both_eyes_appear_large|both_eyes_appear_small|left_eye_too_high
0.9946828051083128,1.000584948227862,0.9991829220487708,0.9924385110091649,1.002030647075555,1.003861368448971,1.0101134259008357,0.9984352099867173,0.0,0.495562315878243,0.0004172838129740142,0.7708092727222334,0.0333774073304265,0.034650140235992326,0.9920853373324425,0.203705506991333,0.3569172829613113,0.26077996315145435,1.006068940789581,0.9916816199405823,-0.10031012319125626,-2.2581693921660272e-05,0,0,0,0,0,0,0,0,0,0,0,0,1,1,0,0,1,0,0,0,both_eyes_appear_large|both_eyes_appear_small|left_eye_too_high
1.0031184840829437,0.9999146143237178,1.0045474745338023,1.005260946514977,1.0047966818747087,1.0048221622579212,0.9958520243813651,1.001930541997823,0.0,0.4934037346745632,0.0,0.775298947862509,0.035921484020236934,0.039035618743211785,1.0007089205810724,0.20979121101437165,0.3607100849020682,0.258180650715334,1.0397824803240197,1.0245904920662867,-0.06716258093254546,-0.001294095278817454,0,0,0,0,0,0,0,0,0,0,0,0,1,1,0,0,1,0,0,0,both_eyes_appear_large|both_eyes_appear_small|left_eye_too_high
1.0068237611148352,1.0079931559333652,1.0047475653783964,1.000102697814632,0.9991332269837763,1.0023042780142455,1.0066958979810843,1.0017350764888577,0.0009090637437376218,0.5002055914172684,0.0,0.7693514619734243,0.03527085197049106,0.038436199992479644,0.9990411448858768,0.20021044830364554,0.35653848935837396,0.24946392640004666,1.0302936427773801,0.9789770459552937,-0.09233612767947158,0.0011487085665584712,0,0,0,0,0,0,0,0,0,0,0,0,1,1,0,0,1,0,0,0,both_eyes_appear_large|both_eyes_appear_small|left_eye_too_high
0.9995868463398457,1.0035831220441491,1.002365011768193,1.000688124547122,1.0021157421878315,0.9972316553734866,0.9990235089129895,0.9999196218064968,0.0,0.4953547591811096,0.0,0.7730564328947351,0.03549070989714483,0.03622212240014789,0.9926413800407902,0.1940657332557936,0.36265286176102596,0.25136354564995905,0.9874508289005653,1.0158585209953013,-0.06371839928550747,-0.0017771692495139252,0,0,0,0,0,0,0,0,0,0,0,0,1,1,0,0,1,0,0,0,both_eyes_appear_large|both_eyes_appear_small|left_eye_too_high
0.9983629987735593,0.9943892372903876,1.0063797472933629,0.9997306293887633,1.007630543881768,1.0048854245172534,0.9968074171808543,0.999660040796253,0.00024207587932714868,0.5061052127999458,0.00087503542673423,0.7707051704843858,0.03460024082580339,0.03489888592829073,1.0052183683427134,0.2000148214031899,0.3584200109148073,0.26866860579710916,0.9748953468663639,1.0067373879232597,-0.08821914841370583,0.0029968405513006464,0,0,0,0,0,0,0,0,0,0,0,0,1,1,0,0,1,0,0,0,both_eyes_appear_large|both_eyes_appear_small|left_eye_too_high
0.9961352585117103,0.9941205699355714,1.0008955708282723,1.0064537638409015,1.000812665906964,0.9944689535756287,1.0009004669081536,0.999786628151013,0.0017280872521484606,0.5024269327096469,0.0,0.7721809688177138,0.03299304118099183,0.03215654251710261,0.9992461063585057,0.20164388443612005,0.3534370615588527,0.26690043583383627,0.9787599837713705,1.0028504489283034,-0.11974630279673078,-0.001958756008378584,0,0,0,0,0,0,0,0,0,0,0,0,1,1,0,0,1,0,0,0,both_eyes_appear_large|both_eyes_appear_small|left_eye_too_high
1.0034186923459651,0.9911909729240858,1.0013867229949749,1.0064777406322931,1.0057597725564027,1.001559226882154,0.9987932768954766,0.9974567897738095,0.0,0.5021752289916717,0.0,0.7730296952722016,0.03926632103600665,0.03487623352974521,0.9946224207868668,0.19462102101473436,0.3631062622068463,0.28354135446297873,0.9859848901820276,0.9870719234462132,-0.07489750136326524,-0.0003165983468994509,0,0,0,0,0,0,0,0,0,0,0,0,1,1,0,0,1,0,0,0,both_eyes_appear_large|both_eyes_appear_small|left_eye_too_high
0.9965178721090824,1.0006218569774765,1.001996090402871,1.0065713926754127,1.00141500191349,1.0025759707141249,1.0028771009476813,0.9953879384722695,0.0,0.4956644148415774,0.0,0.7731818394994816,0.035580100183327516,0.035158992126182904,0.9896291339383909,0.2082219074344745,0.35642291198338577,0.2692324108848998,0.9969518620129448,0.9964195003885746,-0.0680792353708467,0.000724249951885395,0,0,0,0,0,0,0,0,0,0,0,0,1,1,0,0,1,0,0,0,both_eyes_appear_large|both_eyes_appear_small|left_eye_too_high
1.003964266763326,0.9966287509111296,1.003993871618492,0.9998236594515688,0.998701612416412,0.9971659540527243,0.9977602568225538,1.0069692553847849,0.0006148215329880471,0.5006984473900048,0.0,0.7797839144457521,0.03761002097769285,0.033557875770402416,0.9989055397811815,0.19914302182651636,0.3605834879131304,0.2704761163806969,0.993427505343021,1.0261044153553323,-0.0776638878765873,-0.002256293474184134,0,0,0,0,0,0,0,0,0,0,0,0,1,1,0,0,1,0,0,0,both_eyes_appear_large|both_eyes_appear_small|left_eye_too_high
